Position 1:	T=2.5e-07	G=2.5e-07	-=1e-05	A=0.999989	C=2.5e-07	
Position 2:	T=2.5e-07	G=0.999989	-=1e-05	A=2.5e-07	C=2.5e-07	
Position 3:	T=3.14731e-07	G=3.14731e-07	-=1e-05	A=3.14731e-07	C=0.999989	
Position 4:	T=0.999989	G=2.5e-07	-=1e-05	A=2.5e-07	C=2.5e-07	
Position 5:	T=2.5e-07	G=2.5e-07	-=1e-05	A=0.999989	C=2.5e-07	
Position 6:	T=2.5e-07	G=0.999989	-=1e-05	A=2.5e-07	C=2.5e-07	
Position 7:	T=2.5e-07	G=2.5e-07	-=1e-05	A=2.5e-07	C=0.999989	
Position 8:	T=2.5e-07	G=2.5e-07	-=1e-05	A=0.999989	C=2.5e-07	
Position 9:	T=2.5e-07	G=2.5e-07	-=1e-05	A=2.5e-07	C=0.999989	
Position 10:	T=0.999989	G=2.5e-07	-=1e-05	A=2.5e-07	C=2.5e-07	
Position 11:	T=2.5e-07	G=2.5e-07	-=1e-05	A=0.999989	C=2.5e-07	
Position 12:	T=2.5e-07	G=2.5e-07	-=1e-05	A=0.999989	C=2.5e-07	
Position 13:	T=0.999989	G=2.5e-07	-=1e-05	A=2.5e-07	C=2.5e-07	
Position 14:	T=0.999989	G=2.5e-07	-=1e-05	A=2.5e-07	C=2.5e-07	
Position 15:	T=2.5e-07	G=2.5e-07	-=1e-05	A=2.5e-07	C=0.999989	
Position 16:	T=2.5e-07	G=2.5e-07	-=1e-05	A=0.999989	C=2.5e-07	
Position 17:	T=2.5e-07	G=2.5e-07	-=1e-05	A=0.999989	C=2.5e-07	
Position 18:	T=2.5e-07	G=2.5e-07	-=1e-05	A=2.5e-07	C=0.999989	
Position 19:	T=0.999989	G=2.5e-07	-=1e-05	A=2.5e-07	C=2.5e-07	
Position 20:	T=2.5e-07	G=2.5e-07	-=1e-05	A=0.999989	C=2.5e-07	
Position 21:	T=2.5e-07	G=2.5e-07	-=1e-05	A=2.5e-07	C=0.999989	
Position 22:	T=2.5e-07	G=2.5e-07	-=1e-05	A=0.999989	C=2.5e-07	
Position 23:	T=2.5e-07	G=2.5e-07	-=1e-05	A=2.5e-07	C=0.999989	
Position 24:	T=0.999989	G=2.5e-07	-=1e-05	A=2.5e-07	C=2.5e-07	
Position 25:	T=2.5e-07	G=2.5e-07	-=1e-05	A=0.999989	C=2.5e-07	
Position 26:	T=2.5e-07	G=2.5e-07	-=1e-05	A=2.5e-07	C=0.999989	
Position 27:	T=2.5e-07	G=0.999989	-=1e-05	A=2.5e-07	C=2.5e-07	
Position 28:	T=0.999989	G=2.5e-07	-=1e-05	A=2.5e-07	C=2.5e-07	
Position 29:	T=0.999989	G=2.5e-07	-=1e-05	A=2.5e-07	C=2.5e-07	
Position 30:	T=2.5e-07	G=0.999989	-=1e-05	A=2.5e-07	C=2.5e-07	
Position 31:	T=0.999989	G=2.5e-07	-=1e-05	A=2.5e-07	C=2.5e-07	
Position 32:	T=0.999989	G=2.5e-07	-=1e-05	A=2.5e-07	C=2.5e-07	
Position 33:	T=2.5e-07	G=0.999989	-=1e-05	A=2.5e-07	C=2.5e-07	
Position 34:	T=2.5e-07	G=2.5e-07	-=1e-05	A=0.999989	C=2.5e-07	
Position 35:	T=0.999989	G=2.5e-07	-=1e-05	A=2.5e-07	C=2.5e-07	
Position 36:	T=2.5e-07	G=0.999989	-=1e-05	A=2.5e-07	C=2.5e-07	
Position 37:	T=2.5e-07	G=2.5e-07	-=1e-05	A=2.5e-07	C=0.999989	
Position 38:	T=2.5e-07	G=0.999989	-=1e-05	A=2.5e-07	C=2.5e-07	
Position 39:	T=2.5e-07	G=2.5e-07	-=1e-05	A=0.999989	C=2.5e-07	
Position 40:	T=2.5e-07	G=0.999989	-=1e-05	A=2.5e-07	C=2.5e-07	
Position 41:	T=2.5e-07	G=0.999989	-=1e-05	A=2.5e-07	C=2.5e-07	
Position 42:	T=0.999989	G=2.5e-07	-=1e-05	A=2.5e-07	C=2.5e-07	
Position 43:	T=2.5e-07	G=2.5e-07	-=1e-05	A=2.5e-07	C=0.999989	
Position 44:	T=2.5e-07	G=2.5e-07	-=1e-05	A=2.5e-07	C=0.999989	
Position 45:	T=2.5e-07	G=2.5e-07	-=1e-05	A=0.999989	C=2.5e-07	
Position 46:	T=2.5e-07	G=0.999989	-=1e-05	A=2.5e-07	C=2.5e-07	
Position 47:	T=2.5e-07	G=2.5e-07	-=1e-05	A=0.999989	C=2.5e-07	
Position 48:	T=2.5e-07	G=0.999989	-=1e-05	A=2.5e-07	C=2.5e-07	
Position 49:	T=2.5e-07	G=2.5e-07	-=1e-05	A=0.999989	C=2.5e-07	
Position 50:	T=2.5e-07	G=0.999989	-=1e-05	A=2.5e-07	C=2.5e-07	
Position 51:	T=2.5e-07	G=2.5e-07	-=1e-05	A=2.5e-07	C=0.999989	
Position 52:	T=0.999989	G=2.5e-07	-=1e-05	A=2.5e-07	C=2.5e-07	
Position 53:	T=2.5e-07	G=2.5e-07	-=1e-05	A=0.999989	C=2.5e-07	
Position 54:	T=2.5e-07	G=2.5e-07	-=1e-05	A=0.999989	C=2.5e-07	
Position 55:	T=2.5e-07	G=2.5e-07	-=1e-05	A=0.999989	C=2.5e-07	
Position 56:	T=0.999989	G=2.5e-07	-=1e-05	A=2.5e-07	C=2.5e-07	
Position 57:	T=7.90569e-06	G=7.90569e-06	-=1e-05	A=7.90569e-06	C=0.999958	
Position 58:	T=2.5e-07	G=2.5e-07	-=1e-05	A=2.5e-07	C=0.999989	
Position 59:	T=0.999989	G=2.5e-07	-=1e-05	A=2.5e-07	C=2.5e-07	
Position 60:	T=2.5e-07	G=2.5e-07	-=1e-05	A=0.999989	C=2.5e-07	
Position 61:	T=0.999989	G=2.5e-07	-=1e-05	A=2.5e-07	C=2.5e-07	
Position 62:	T=2.5e-07	G=2.5e-07	-=1e-05	A=0.999989	C=2.5e-07	
Position 63:	T=2.5e-07	G=0.999989	-=1e-05	A=2.5e-07	C=2.5e-07	
Position 64:	T=2.5e-07	G=2.5e-07	-=1e-05	A=2.5e-07	C=0.999989	
Position 65:	T=2.5e-07	G=2.5e-07	-=1e-05	A=0.999989	C=2.5e-07	
Position 66:	T=2.5e-07	G=2.5e-07	-=1e-05	A=2.5e-07	C=0.999989	
Position 67:	T=2.5e-07	G=2.5e-07	-=1e-05	A=0.999989	C=2.5e-07	
Position 68:	T=2.5e-07	G=2.5e-07	-=1e-05	A=0.999989	C=2.5e-07	
Position 69:	T=2.5e-07	G=2.5e-07	-=1e-05	A=2.5e-07	C=0.999989	
Position 70:	T=0.999989	G=2.5e-07	-=1e-05	A=2.5e-07	C=2.5e-07	
Position 71:	T=2.5e-07	G=2.5e-07	-=1e-05	A=2.5e-07	C=0.999989	
Position 72:	T=0.999989	G=2.5e-07	-=1e-05	A=2.5e-07	C=2.5e-07	
Position 73:	T=2.5e-07	G=2.5e-07	-=1e-05	A=2.5e-07	C=0.999989	
Position 74:	T=3.14731e-07	G=0.999989	-=1e-05	A=3.14731e-07	C=3.14731e-07	
Position 75:	T=2.5e-07	G=2.5e-07	-=1e-05	A=2.5e-07	C=0.999989	
Position 76:	T=2.5e-07	G=2.5e-07	-=1e-05	A=0.999989	C=2.5e-07	
Position 77:	T=2.5e-07	G=2.5e-07	-=1e-05	A=2.5e-07	C=0.999989	
Position 78:	T=0.999989	G=2.5e-07	-=1e-05	A=2.5e-07	C=2.5e-07	
Position 79:	T=2.5e-07	G=2.5e-07	-=1e-05	A=2.5e-07	C=0.999989	
Position 80:	T=2.5e-07	G=2.5e-07	-=1e-05	A=0.999989	C=2.5e-07	
Position 81:	T=2.5e-07	G=2.5e-07	-=1e-05	A=2.5e-07	C=0.999989	
Position 82:	T=2.5e-07	G=0.999989	-=1e-05	A=2.5e-07	C=2.5e-07	
Position 83:	T=2.5e-07	G=2.5e-07	-=1e-05	A=0.999989	C=2.5e-07	
Position 84:	T=2.5e-07	G=2.5e-07	-=1e-05	A=2.5e-07	C=0.999989	
Position 85:	T=2.5e-07	G=2.5e-07	-=1e-05	A=0.999989	C=2.5e-07	
Position 86:	T=2.5e-07	G=2.5e-07	-=1e-05	A=0.999989	C=2.5e-07	
Position 87:	T=2.5e-07	G=2.5e-07	-=1e-05	A=2.5e-07	C=0.999989	
Position 88:	T=2.5e-07	G=2.5e-07	-=1e-05	A=0.999989	C=2.5e-07	
Position 89:	T=2.5e-07	G=0.999989	-=1e-05	A=2.5e-07	C=2.5e-07	
Position 90:	T=2.5e-07	G=2.5e-07	-=1e-05	A=2.5e-07	C=0.999989	
Position 91:	T=0.999989	G=2.5e-07	-=1e-05	A=2.5e-07	C=2.5e-07	
Position 92:	T=0.999987	G=7.90569e-07	-=1e-05	A=7.90569e-07	C=7.90569e-07	
Position 93:	T=0.999989	G=2.5e-07	-=1e-05	A=2.5e-07	C=2.5e-07	
Position 94:	T=0.999989	G=2.5e-07	-=1e-05	A=2.5e-07	C=2.5e-07	
Position 95:	T=0.999989	G=2.5e-07	-=1e-05	A=2.5e-07	C=2.5e-07	
Position 96:	T=0.999989	G=2.5e-07	-=1e-05	A=2.5e-07	C=2.5e-07	
Position 97:	T=2.5e-07	G=0.999989	-=1e-05	A=2.5e-07	C=2.5e-07	
Position 98:	T=2.5e-07	G=2.5e-07	-=1e-05	A=2.5e-07	C=0.999989	
Position 99:	T=2.5e-07	G=2.5e-07	-=1e-05	A=0.999989	C=2.5e-07	
Position 100:	T=2.5e-07	G=0.999989	-=1e-05	A=2.5e-07	C=2.5e-07	
Position 101:	T=2.5e-07	G=0.999989	-=1e-05	A=2.5e-07	C=2.5e-07	
Position 102:	T=2.5e-07	G=0.999989	-=1e-05	A=2.5e-07	C=2.5e-07	
Position 103:	T=2.5e-07	G=2.5e-07	-=1e-05	A=0.999989	C=2.5e-07	
Position 104:	T=0.999989	G=2.5e-07	-=1e-05	A=2.5e-07	C=2.5e-07	
Position 105:	T=2.5e-07	G=2.5e-07	-=1e-05	A=2.5e-07	C=0.999989	
Position 106:	T=2.5e-07	G=2.5e-07	-=1e-05	A=0.999989	C=2.5e-07	
Position 107:	T=2.5e-07	G=2.5e-07	-=1e-05	A=0.999989	C=2.5e-07	
Position 108:	T=2.5e-07	G=2.5e-07	-=1e-05	A=2.5e-07	C=0.999989	
Position 109:	T=2.5e-07	G=2.5e-07	-=1e-05	A=0.999989	C=2.5e-07	
Position 110:	T=2.5e-07	G=0.999989	-=1e-05	A=2.5e-07	C=2.5e-07	
Position 111:	T=2.5e-07	G=0.999989	-=1e-05	A=2.5e-07	C=2.5e-07	
Position 112:	T=0.999989	G=2.5e-07	-=1e-05	A=2.5e-07	C=2.5e-07	
Position 113:	T=0.999989	G=2.5e-07	-=1e-05	A=2.5e-07	C=2.5e-07	
Position 114:	T=2.5e-07	G=0.999989	-=1e-05	A=2.5e-07	C=2.5e-07	
Position 115:	T=2.5e-07	G=2.5e-07	-=1e-05	A=2.5e-07	C=0.999989	
Position 116:	T=0.999989	G=2.5e-07	-=1e-05	A=2.5e-07	C=2.5e-07	
Position 117:	T=3.14731e-07	G=3.14731e-07	-=1e-05	A=3.14731e-07	C=0.999989	
Position 118:	T=0.999989	G=2.5e-07	-=1e-05	A=2.5e-07	C=2.5e-07	
Position 119:	T=0.999989	G=2.5e-07	-=1e-05	A=2.5e-07	C=2.5e-07	
Position 120:	T=0.999989	G=2.5e-07	-=1e-05	A=2.5e-07	C=2.5e-07	
Position 121:	T=2.5e-07	G=2.5e-07	-=1e-05	A=2.5e-07	C=0.999989	
Position 122:	T=2.5e-07	G=0.999989	-=1e-05	A=2.5e-07	C=2.5e-07	
Position 123:	T=2.5e-07	G=0.999989	-=1e-05	A=2.5e-07	C=2.5e-07	
Position 124:	T=2.5e-07	G=2.5e-07	-=1e-05	A=2.5e-07	C=0.999989	
Position 125:	T=0.999989	G=2.5e-07	-=1e-05	A=2.5e-07	C=2.5e-07	
Position 126:	T=0.999989	G=2.5e-07	-=1e-05	A=2.5e-07	C=2.5e-07	
Position 127:	T=0.999989	G=2.5e-07	-=1e-05	A=2.5e-07	C=2.5e-07	
Position 128:	T=0.999989	G=2.5e-07	-=1e-05	A=2.5e-07	C=2.5e-07	
Position 129:	T=0.2	G=0.2	C=0.2	-=0.2	A=0.2	
Position 130:	T=0.2	G=0.2	C=0.2	-=0.2	A=0.2	
Position 131:	T=0.2	G=0.2	C=0.2	-=0.2	A=0.2	
Position 132:	T=0.2	G=0.2	C=0.2	-=0.2	A=0.2	
Position 133:	T=0.2	G=0.2	C=0.2	-=0.2	A=0.2	
Position 134:	T=0.2	G=0.2	C=0.2	-=0.2	A=0.2	
Position 135:	T=0.999989	G=2.5e-07	-=1e-05	A=2.5e-07	C=2.5e-07	
Position 136:	T=2.5e-07	G=2.5e-07	-=1e-05	A=0.999989	C=2.5e-07	
Position 137:	T=2.5e-07	G=2.5e-07	-=1e-05	A=0.999989	C=2.5e-07	
Position 138:	T=0.999989	G=2.5e-07	-=1e-05	A=2.5e-07	C=2.5e-07	
Position 139:	T=0.999989	G=2.5e-07	-=1e-05	A=2.5e-07	C=2.5e-07	
Position 140:	T=0.999989	G=2.5e-07	-=1e-05	A=2.5e-07	C=2.5e-07	
Position 141:	T=0.999989	G=2.5e-07	-=1e-05	A=2.5e-07	C=2.5e-07	
Position 142:	T=2.5e-07	G=2.5e-07	-=1e-05	A=2.5e-07	C=0.999989	
Position 143:	T=2.5e-07	G=2.5e-07	-=1e-05	A=2.5e-07	C=0.999989	
Position 144:	T=2.5e-07	G=2.5e-07	-=1e-05	A=0.999989	C=2.5e-07	
Position 145:	T=2.5e-07	G=2.5e-07	-=1e-05	A=2.5e-07	C=0.999989	
Position 146:	T=2.5e-07	G=2.5e-07	-=1e-05	A=0.999989	C=2.5e-07	
Position 147:	T=2.5e-07	G=2.5e-07	-=1e-05	A=0.999989	C=2.5e-07	
Position 148:	T=0.999989	G=2.5e-07	-=1e-05	A=2.5e-07	C=2.5e-07	
Position 149:	T=2.5e-07	G=2.5e-07	-=1e-05	A=0.999989	C=2.5e-07	
Position 150:	T=2.5e-07	G=2.5e-07	-=1e-05	A=0.999989	C=2.5e-07	
Position 151:	T=0.999989	G=2.5e-07	-=1e-05	A=2.5e-07	C=2.5e-07	
Position 152:	T=0.999989	G=2.5e-07	-=1e-05	A=2.5e-07	C=2.5e-07	
Position 153:	T=0.00157739	G=0.00157739	-=1e-05	A=0.99368	C=0.00157739	
Position 154:	T=2.5e-07	G=2.5e-07	-=1e-05	A=2.5e-07	C=0.999989	
Position 155:	T=2.5e-07	G=2.5e-07	-=1e-05	A=0.999989	C=2.5e-07	
Position 156:	T=2.5e-07	G=2.5e-07	-=1e-05	A=0.999989	C=2.5e-07	
Position 157:	T=2.5e-07	G=2.5e-07	-=1e-05	A=2.5e-07	C=0.999989	
Position 158:	T=2.5e-07	G=2.5e-07	-=1e-05	A=0.999989	C=2.5e-07	
Position 159:	T=2.5e-07	G=0.999989	-=1e-05	A=2.5e-07	C=2.5e-07	
Position 160:	T=2.5e-07	G=2.5e-07	-=1e-05	A=0.999989	C=2.5e-07	
Position 161:	T=2.5e-07	G=2.5e-07	-=1e-05	A=2.5e-07	C=0.999989	
Position 162:	T=2.5e-07	G=0.999989	-=1e-05	A=2.5e-07	C=2.5e-07	
Position 163:	T=2.5e-07	G=0.999989	-=1e-05	A=2.5e-07	C=2.5e-07	
Position 164:	T=0.999989	G=2.5e-07	-=1e-05	A=2.5e-07	C=2.5e-07	
Position 165:	T=0.999989	G=2.5e-07	-=1e-05	A=2.5e-07	C=2.5e-07	
Position 166:	T=2.5e-07	G=0.999989	-=1e-05	A=2.5e-07	C=2.5e-07	
Position 167:	T=0.999989	G=2.5e-07	-=1e-05	A=2.5e-07	C=2.5e-07	
Position 168:	T=2.5e-07	G=2.5e-07	-=1e-05	A=2.5e-07	C=0.999989	
Position 169:	T=2.5e-07	G=2.5e-07	-=1e-05	A=0.999989	C=2.5e-07	
Position 170:	T=2.5e-07	G=2.5e-07	-=1e-05	A=2.5e-07	C=0.999989	
Position 171:	T=2.5e-07	G=2.5e-07	-=1e-05	A=0.999989	C=2.5e-07	
Position 172:	T=0.2	G=0.2	C=0.2	-=0.2	A=0.2	
Position 173:	T=2.5e-07	G=0.999989	-=1e-05	A=2.5e-07	C=2.5e-07	
Position 174:	T=2.5e-07	G=2.5e-07	-=1e-05	A=2.5e-07	C=0.999989	
Position 175:	T=0.999989	G=2.5e-07	-=1e-05	A=2.5e-07	C=2.5e-07	
Position 176:	T=3.14731e-07	G=3.14731e-07	-=1e-05	A=3.14731e-07	C=0.999989	
Position 177:	T=0.999989	G=2.5e-07	-=1e-05	A=2.5e-07	C=2.5e-07	
Position 178:	T=2.5e-07	G=2.5e-07	-=1e-05	A=0.999989	C=2.5e-07	
Position 179:	T=2.5e-07	G=0.999989	-=1e-05	A=2.5e-07	C=2.5e-07	
Position 180:	T=2.5e-07	G=0.999989	-=1e-05	A=2.5e-07	C=2.5e-07	
Position 181:	T=2.5e-07	G=0.999989	-=1e-05	A=2.5e-07	C=2.5e-07	
Position 182:	T=2.5e-07	G=2.5e-07	-=1e-05	A=0.999989	C=2.5e-07	
Position 183:	T=0.999989	G=2.5e-07	-=1e-05	A=2.5e-07	C=2.5e-07	
Position 184:	T=2.5e-07	G=2.5e-07	-=1e-05	A=2.5e-07	C=0.999989	
Position 185:	T=2.5e-07	G=2.5e-07	-=1e-05	A=0.999989	C=2.5e-07	
Position 186:	T=2.5e-07	G=0.999989	-=1e-05	A=2.5e-07	C=2.5e-07	
Position 187:	T=2.5e-07	G=2.5e-07	-=1e-05	A=0.999989	C=2.5e-07	
Position 188:	T=0.999989	G=2.5e-07	-=1e-05	A=2.5e-07	C=2.5e-07	
Position 189:	T=2.5e-07	G=2.5e-07	-=1e-05	A=2.5e-07	C=0.999989	
Position 190:	T=2.5e-07	G=2.5e-07	-=1e-05	A=0.999989	C=2.5e-07	
Position 191:	T=2.5e-07	G=0.999989	-=1e-05	A=2.5e-07	C=2.5e-07	
Position 192:	T=0.999989	G=2.5e-07	-=1e-05	A=2.5e-07	C=2.5e-07	
Position 193:	T=2.5e-07	G=0.999989	-=1e-05	A=2.5e-07	C=2.5e-07	
Position 194:	T=0.999989	G=2.5e-07	-=1e-05	A=2.5e-07	C=2.5e-07	
Position 195:	T=2.5e-07	G=0.999989	-=1e-05	A=2.5e-07	C=2.5e-07	
Position 196:	T=2.5e-07	G=0.999989	-=1e-05	A=2.5e-07	C=2.5e-07	
Position 197:	T=2.5e-07	G=0.999989	-=1e-05	A=2.5e-07	C=2.5e-07	
Position 198:	T=2.5e-07	G=2.5e-07	-=1e-05	A=2.5e-07	C=0.999989	
Position 199:	T=2.5e-07	G=2.5e-07	-=1e-05	A=0.999989	C=2.5e-07	
Position 200:	T=2.5e-07	G=0.999989	-=1e-05	A=2.5e-07	C=2.5e-07	
Position 201:	T=2.5e-07	G=2.5e-07	-=1e-05	A=0.999989	C=2.5e-07	
Position 202:	T=2.5e-07	G=2.5e-07	-=1e-05	A=2.5e-07	C=0.999989	
Position 203:	T=2.5e-07	G=2.5e-07	-=1e-05	A=0.999989	C=2.5e-07	
Position 204:	T=0.999989	G=2.5e-07	-=1e-05	A=2.5e-07	C=2.5e-07	
Position 205:	T=2.5e-07	G=2.5e-07	-=1e-05	A=2.5e-07	C=0.999989	
Position 206:	T=0.999989	G=2.5e-07	-=1e-05	A=2.5e-07	C=2.5e-07	
Position 207:	T=2.5e-07	G=2.5e-07	-=1e-05	A=0.999989	C=2.5e-07	
Position 208:	T=0.999989	G=2.5e-07	-=1e-05	A=2.5e-07	C=2.5e-07	
Position 209:	T=2.5e-07	G=2.5e-07	-=1e-05	A=0.999989	C=2.5e-07	
Position 210:	T=2.5e-07	G=2.5e-07	-=1e-05	A=0.999989	C=2.5e-07	
Position 211:	T=0.999989	G=2.5e-07	-=1e-05	A=2.5e-07	C=2.5e-07	
Position 212:	T=2.5e-07	G=2.5e-07	-=1e-05	A=2.5e-07	C=0.999989	
Position 213:	T=2.5e-07	G=2.5e-07	-=1e-05	A=2.5e-07	C=0.999989	
Position 214:	T=2.5e-07	G=2.5e-07	-=1e-05	A=2.5e-07	C=0.999989	
Position 215:	T=0.999989	G=2.5e-07	-=1e-05	A=2.5e-07	C=2.5e-07	
Position 216:	T=2.5e-07	G=2.5e-07	-=1e-05	A=2.5e-07	C=0.999989	
Position 217:	T=2.5e-07	G=2.5e-07	-=1e-05	A=2.5e-07	C=0.999989	
Position 218:	T=2.5e-07	G=2.5e-07	-=1e-05	A=2.5e-07	C=0.999989	
Position 219:	T=0.999989	G=2.5e-07	-=1e-05	A=2.5e-07	C=2.5e-07	
Position 220:	T=2.5e-07	G=2.5e-07	-=1e-05	A=2.5e-07	C=0.999989	
Position 221:	T=2.5e-07	G=2.5e-07	-=1e-05	A=0.999989	C=2.5e-07	
Position 222:	T=2.5e-07	G=2.5e-07	-=1e-05	A=2.5e-07	C=0.999989	
Position 223:	T=0.999989	G=2.5e-07	-=1e-05	A=2.5e-07	C=2.5e-07	
Position 224:	T=2.5e-07	G=0.999989	-=1e-05	A=2.5e-07	C=2.5e-07	
Position 225:	T=0.999989	G=2.5e-07	-=1e-05	A=2.5e-07	C=2.5e-07	
Position 226:	T=0.999989	G=2.5e-07	-=1e-05	A=2.5e-07	C=2.5e-07	
Position 227:	T=2.5e-07	G=0.999989	-=1e-05	A=2.5e-07	C=2.5e-07	
Position 228:	T=2.5e-07	G=2.5e-07	-=1e-05	A=0.999989	C=2.5e-07	
Position 229:	T=2.5e-07	G=2.5e-07	-=1e-05	A=2.5e-07	C=0.999989	
Position 230:	T=2.5e-07	G=2.5e-07	-=1e-05	A=0.999989	C=2.5e-07	
Position 231:	T=2.5e-07	G=2.5e-07	-=1e-05	A=0.999989	C=2.5e-07	
Position 232:	T=2.5e-07	G=2.5e-07	-=1e-05	A=2.5e-07	C=0.999989	
Position 233:	T=2.5e-07	G=2.5e-07	-=1e-05	A=0.999989	C=2.5e-07	
Position 234:	T=2.5e-07	G=0.999989	-=1e-05	A=2.5e-07	C=2.5e-07	
Position 235:	T=2.5e-07	G=0.999989	-=1e-05	A=2.5e-07	C=2.5e-07	
Position 236:	T=0.999989	G=2.5e-07	-=1e-05	A=2.5e-07	C=2.5e-07	
Position 237:	T=0.999989	G=2.5e-07	-=1e-05	A=2.5e-07	C=2.5e-07	
Position 238:	T=2.5e-07	G=0.999989	-=1e-05	A=2.5e-07	C=2.5e-07	
Position 239:	T=2.5e-07	G=2.5e-07	-=1e-05	A=2.5e-07	C=0.999989	
Position 240:	T=0.999989	G=2.5e-07	-=1e-05	A=2.5e-07	C=2.5e-07	
Position 241:	T=2.5e-07	G=0.999989	-=1e-05	A=2.5e-07	C=2.5e-07	
Position 242:	T=2.5e-07	G=0.999989	-=1e-05	A=2.5e-07	C=2.5e-07	
Position 243:	T=2.5e-07	G=2.5e-07	-=1e-05	A=0.999989	C=2.5e-07	
Position 244:	T=2.5e-07	G=0.999989	-=1e-05	A=2.5e-07	C=2.5e-07	
Position 245:	T=2.5e-07	G=0.999989	-=1e-05	A=2.5e-07	C=2.5e-07	
Position 246:	T=2.5e-07	G=0.999989	-=1e-05	A=2.5e-07	C=2.5e-07	
Position 247:	T=2.5e-07	G=2.5e-07	-=1e-05	A=0.999989	C=2.5e-07	
Position 248:	T=0.999989	G=2.5e-07	-=1e-05	A=2.5e-07	C=2.5e-07	
Position 249:	T=2.5e-07	G=2.5e-07	-=1e-05	A=2.5e-07	C=0.999989	
Position 250:	T=0.999989	G=2.5e-07	-=1e-05	A=2.5e-07	C=2.5e-07	
Position 251:	T=2.5e-07	G=2.5e-07	-=1e-05	A=0.999989	C=2.5e-07	
Position 252:	T=2.5e-07	G=0.999989	-=1e-05	A=2.5e-07	C=2.5e-07	
Position 253:	T=2.5e-07	G=2.5e-07	-=1e-05	A=0.999989	C=2.5e-07	
Position 254:	T=2.5e-07	G=2.5e-07	-=1e-05	A=0.999989	C=2.5e-07	
Position 255:	T=3.14731e-07	G=3.14731e-07	-=1e-05	A=3.14731e-07	C=0.999989	
Position 256:	T=2.5e-07	G=2.5e-07	-=1e-05	A=2.5e-07	C=0.999989	
Position 257:	T=0.999989	G=2.5e-07	-=1e-05	A=2.5e-07	C=2.5e-07	
Position 258:	T=2.5e-07	G=2.5e-07	-=1e-05	A=0.999989	C=2.5e-07	
Position 259:	T=2.5e-07	G=2.5e-07	-=1e-05	A=2.5e-07	C=0.999989	
Position 260:	T=2.5e-07	G=2.5e-07	-=1e-05	A=2.5e-07	C=0.999989	
Position 261:	T=2.5e-07	G=2.5e-07	-=1e-05	A=0.999989	C=2.5e-07	
Position 262:	T=0.2	G=0.2	C=0.2	-=0.2	A=0.2	
Position 263:	T=0.999989	G=2.5e-07	-=1e-05	A=2.5e-07	C=2.5e-07	
Position 264:	T=0.999989	G=2.5e-07	-=1e-05	A=2.5e-07	C=2.5e-07	
Position 265:	T=2.5e-07	G=2.5e-07	-=1e-05	A=0.999989	C=2.5e-07	
Position 266:	T=2.5e-07	G=0.999989	-=1e-05	A=2.5e-07	C=2.5e-07	
Position 267:	T=2.5e-07	G=0.999989	-=1e-05	A=2.5e-07	C=2.5e-07	
Position 268:	T=2.5e-07	G=0.999989	-=1e-05	A=2.5e-07	C=2.5e-07	
Position 269:	T=2.5e-07	G=2.5e-07	-=1e-05	A=0.999989	C=2.5e-07	
Position 270:	T=2.5e-07	G=2.5e-07	-=1e-05	A=0.999989	C=2.5e-07	
Position 271:	T=0.999989	G=2.5e-07	-=1e-05	A=2.5e-07	C=2.5e-07	
Position 272:	T=0.999989	G=2.5e-07	-=1e-05	A=2.5e-07	C=2.5e-07	
Position 273:	T=2.5e-07	G=0.999989	-=1e-05	A=2.5e-07	C=2.5e-07	
Position 274:	T=0.999989	G=2.5e-07	-=1e-05	A=2.5e-07	C=2.5e-07	
Position 275:	T=3.14731e-06	G=3.14731e-06	-=1e-05	A=3.14731e-06	C=0.999977	
Position 276:	T=2.5e-07	G=2.5e-07	-=1e-05	A=0.999989	C=2.5e-07	
Position 277:	T=0.999989	G=2.5e-07	-=1e-05	A=2.5e-07	C=2.5e-07	
Position 278:	T=0.999984	G=1.57739e-06	-=1e-05	A=1.57739e-06	C=1.57739e-06	
Position 279:	T=0.999989	G=2.5e-07	-=1e-05	A=2.5e-07	C=2.5e-07	
Position 280:	T=2.5e-07	G=2.5e-07	-=1e-05	A=2.5e-07	C=0.999989	
Position 281:	T=2.5e-07	G=2.5e-07	-=1e-05	A=0.999989	C=2.5e-07	
Position 282:	T=2.5e-07	G=2.5e-07	-=1e-05	A=0.999989	C=2.5e-07	
Position 283:	T=0.999989	G=2.5e-07	-=1e-05	A=2.5e-07	C=2.5e-07	
Position 284:	T=2.5e-07	G=2.5e-07	-=1e-05	A=0.999989	C=2.5e-07	
Position 285:	T=2.5e-07	G=0.999989	-=1e-05	A=2.5e-07	C=2.5e-07	
Position 286:	T=2.5e-07	G=0.999989	-=1e-05	A=2.5e-07	C=2.5e-07	
Position 287:	T=0.999989	G=2.5e-07	-=1e-05	A=2.5e-07	C=2.5e-07	
Position 288:	T=0.999989	G=2.5e-07	-=1e-05	A=2.5e-07	C=2.5e-07	
Position 289:	T=2.5e-07	G=0.999989	-=1e-05	A=2.5e-07	C=2.5e-07	
Position 290:	T=2.5e-07	G=2.5e-07	-=1e-05	A=2.5e-07	C=0.999989	
Position 291:	T=2.5e-07	G=2.5e-07	-=1e-05	A=0.999989	C=2.5e-07	
Position 292:	T=2.5e-07	G=2.5e-07	-=1e-05	A=2.5e-07	C=0.999989	
Position 293:	T=2.5e-07	G=2.5e-07	-=1e-05	A=0.999989	C=2.5e-07	
Position 294:	T=2.5e-07	G=2.5e-07	-=1e-05	A=2.5e-07	C=0.999989	
Position 295:	T=2.5e-07	G=2.5e-07	-=1e-05	A=2.5e-07	C=0.999989	
Position 296:	T=2.5e-07	G=2.5e-07	-=1e-05	A=0.999989	C=2.5e-07	
Position 297:	T=2.5e-07	G=0.999989	-=1e-05	A=2.5e-07	C=2.5e-07	
Position 298:	T=2.5e-07	G=2.5e-07	-=1e-05	A=2.5e-07	C=0.999989	
Position 299:	T=0.999196	G=0.000198582	-=1e-05	A=0.000198582	C=0.000198582	
Position 300:	T=2.5e-07	G=2.5e-07	-=1e-05	A=2.5e-07	C=0.999989	
Position 301:	T=2.5e-07	G=2.5e-07	-=1e-05	A=0.999989	C=2.5e-07	
Position 302:	T=2.5e-07	G=0.999989	-=1e-05	A=2.5e-07	C=2.5e-07	
Position 303:	T=0.999989	G=2.5e-07	-=1e-05	A=2.5e-07	C=2.5e-07	
Position 304:	T=2.5e-07	G=0.999989	-=1e-05	A=2.5e-07	C=2.5e-07	
Position 305:	T=2.5e-07	G=2.5e-07	-=1e-05	A=0.999989	C=2.5e-07	
Position 306:	T=0.999989	G=3.14731e-07	-=1e-05	A=3.14731e-07	C=3.14731e-07	
Position 307:	T=2.5e-07	G=2.5e-07	-=1e-05	A=0.999989	C=2.5e-07	
Position 308:	T=0.2	G=0.2	C=0.2	-=0.2	A=0.2	
