Position 1:	T=0	G=0	-=0	A=1	C=0	
Position 2:	T=1	G=0	-=0	A=0	C=0	
Position 3:	T=1	G=0	-=0	A=0	C=0	
Position 4:	T=0	G=1	-=0	A=0	C=0	
Position 5:	T=0	G=0	-=0	A=0	C=1	
Position 6:	T=0	G=0	-=0	A=0	C=1	
Position 7:	T=0	G=0	-=0	A=0	C=1	
Position 8:	T=0	G=1	-=0	A=0	C=0	
Position 9:	T=1	G=0	-=0	A=0	C=0	
Position 10:	T=1	G=0	-=0	A=0	C=0	
Position 11:	T=0	G=0	-=0	A=1	C=0	
Position 12:	T=0	G=1	-=0	A=0	C=0	
Position 13:	T=0	G=0	-=0	A=1	C=0	
Position 14:	T=0	G=0	-=0	A=1	C=0	
Position 15:	T=0	G=0	-=0	A=1	C=0	
Position 16:	T=1	G=0	-=0	A=0	C=0	
Position 17:	T=0	G=0	-=0	A=1	C=0	
Position 18:	T=0	G=0	-=0	A=0	C=1	
Position 19:	T=0	G=0	-=0	A=1	C=0	
Position 20:	T=1	G=0	-=0	A=0	C=0	
Position 21:	T=0	G=0	-=0	A=1	C=0	
Position 22:	T=0	G=1	-=0	A=0	C=0	
Position 23:	T=1	G=0	-=0	A=0	C=0	
Position 24:	T=1	G=0	-=0	A=0	C=0	
Position 25:	T=0	G=0	-=0	A=0	C=1	
Position 26:	T=1	G=0	-=0	A=0	C=0	
Position 27:	T=1	G=0	-=0	A=0	C=0	
Position 28:	T=1	G=0	-=0	A=0	C=0	
Position 29:	T=0	G=2	-=0	A=0	C=0	
Position 30:	T=0	G=2	-=0	A=0	C=0	
Position 31:	T=0	G=0	-=0	A=2	C=0	
Position 32:	T=0	G=0	-=0	A=2	C=0	
Position 33:	T=0	G=0	-=0	A=0	C=2	
Position 34:	T=0	G=0	-=0	A=0	C=2	
Position 35:	T=0	G=0	-=0	A=2	C=0	
Position 36:	T=0	G=0	-=0	A=2	C=0	
Position 37:	T=0	G=0	-=0	A=2	C=0	
Position 38:	T=0	G=0	-=0	A=2	C=0	
Position 39:	T=0	G=0	-=0	A=2	C=0	
Position 40:	T=0	G=0	-=0	A=2	C=0	
Position 41:	T=2	G=0	-=0	A=0	C=0	
Position 42:	T=0	G=0	-=0	A=2	C=0	
Position 43:	T=0	G=2	-=0	A=0	C=0	
Position 44:	T=0	G=2	-=0	A=0	C=0	
Position 45:	T=2	G=0	-=0	A=0	C=0	
Position 46:	T=0	G=2	-=0	A=0	C=0	
Position 47:	T=0	G=0	-=0	A=0	C=2	
Position 48:	T=0	G=0	-=0	A=2	C=0	
Position 49:	T=1	G=0	-=0	A=0	C=0	
Position 50:	T=0	G=0	-=0	A=0	C=1	
Position 51:	T=1	G=0	-=0	A=0	C=0	
Position 52:	T=0	G=1	-=0	A=0	C=0	
Position 53:	T=0	G=0	-=0	A=1	C=0	
Position 54:	T=1	G=0	-=0	A=0	C=0	
Position 55:	T=0	G=0	-=0	A=1	C=0	
Position 56:	T=0	G=1	-=0	A=0	C=0	
Position 57:	T=0	G=0	-=0	A=1	C=0	
Position 58:	T=0	G=0	-=0	A=1	C=0	
Position 59:	T=0	G=1	-=0	A=0	C=0	
Position 60:	T=1	G=0	-=0	A=0	C=0	
Position 61:	T=1	G=0	-=0	A=0	C=0	
Position 62:	T=0	G=1	-=0	A=0	C=0	
Position 63:	T=0	G=0	-=0	A=0	C=1	
Position 64:	T=0	G=0	-=0	A=0	C=1	
Position 65:	T=0	G=0	-=0	A=0	C=1	
Position 66:	T=0	G=0	C=0	-=0	A=0	
Position 67:	T=1	G=0	-=0	A=0	C=0	
Position 68:	T=1	G=0	-=0	A=0	C=0	
Position 69:	T=1	G=0	-=0	A=0	C=0	
Position 70:	T=0	G=0	-=0	A=0	C=1	
Position 71:	T=1	G=0	-=0	A=0	C=0	
Position 72:	T=0	G=0	-=0	A=1	C=0	
Position 73:	T=1	G=0	-=0	A=0	C=0	
Position 74:	T=1	G=0	-=0	A=0	C=0	
Position 75:	T=1	G=0	-=0	A=0	C=0	
Position 76:	T=0	G=1	-=0	A=0	C=0	
Position 77:	T=0	G=1	-=0	A=0	C=0	
Position 78:	T=0	G=1	-=0	A=0	C=0	
Position 79:	T=0	G=0	-=0	A=0	C=1	
Position 80:	T=1	G=0	-=0	A=0	C=0	
Position 81:	T=0	G=1	-=0	A=0	C=0	
Position 82:	T=0	G=0	-=0	A=1	C=0	
Position 83:	T=1	G=0	-=0	A=0	C=0	
Position 84:	T=0	G=0	-=0	A=0	C=1	
Position 85:	T=0	G=0	-=0	A=1	C=0	
Position 86:	T=1	G=0	-=0	A=0	C=0	
Position 87:	T=0	G=0	-=0	A=1	C=0	
Position 88:	T=0	G=0	-=0	A=1	C=0	
Position 89:	T=1	G=0	-=0	A=0	C=0	
Position 90:	T=0	G=0	-=0	A=1	C=0	
Position 91:	T=1	G=0	-=0	A=0	C=0	
Position 92:	T=0	G=0	-=0	A=0	C=1	
Position 93:	T=0	G=0	-=0	A=0	C=1	
Position 94:	T=1	G=0	-=0	A=0	C=0	
Position 95:	T=0	G=1	-=0	A=0	C=0	
Position 96:	T=1	G=0	-=0	A=0	C=0	
Position 97:	T=0	G=1	-=0	A=0	C=0	
Position 98:	T=0	G=1	-=0	A=0	C=0	
Position 99:	T=0	G=0	-=0	A=0	C=1	
Position 100:	T=0	G=0	-=0	A=0	C=1	
Position 101:	T=0	G=0	-=0	A=1	C=0	
Position 102:	T=0	G=0	-=0	A=1	C=0	
Position 103:	T=0	G=0	-=0	A=1	C=0	
Position 104:	T=0	G=0	-=0	A=1	C=0	
Position 105:	T=1	G=0	-=0	A=0	C=0	
Position 106:	T=0	G=0	-=0	A=1	C=0	
Position 107:	T=1	G=0	-=0	A=0	C=0	
Position 108:	T=0	G=1	-=0	A=0	C=0	
Position 109:	T=0	G=0	-=0	A=0	C=1	
Position 110:	T=0	G=0	-=0	A=1	C=0	
Position 111:	T=0	G=0	-=0	A=1	C=0	
Position 112:	T=0	G=1	-=0	A=0	C=0	
Position 113:	T=0	G=1	-=0	A=0	C=0	
Position 114:	T=0	G=0	-=0	A=1	C=0	
Position 115:	T=0	G=0	-=0	A=1	C=0	
Position 116:	T=1	G=0	-=0	A=0	C=0	
Position 117:	T=0	G=0	-=0	A=0	C=1	
Position 118:	T=0	G=0	-=0	A=1	C=0	
Position 119:	T=0	G=1	-=0	A=0	C=0	
Position 120:	T=0	G=0	-=0	A=0	C=1	
Position 121:	T=0	G=0	-=0	A=0	C=1	
Position 122:	T=0	G=0	-=0	A=1	C=0	
Position 123:	T=1	G=0	-=0	A=0	C=0	
Position 124:	T=0	G=0	-=0	A=1	C=0	
Position 125:	T=0	G=0	-=0	A=1	C=0	
Position 126:	T=0	G=0	-=0	A=1	C=0	
Position 127:	T=1	G=0	-=0	A=0	C=0	
Position 128:	T=1	G=0	-=0	A=0	C=0	
Position 129:	T=1	G=0	-=0	A=0	C=0	
Position 130:	T=0	G=0	-=0	A=1	C=0	
Position 131:	T=0	G=0	-=0	A=1	C=0	
Position 132:	T=0	G=0	-=0	A=0	C=1	
Position 133:	T=1	G=0	-=0	A=0	C=0	
Position 134:	T=0	G=0	-=0	A=1	C=0	
Position 135:	T=0	G=0	-=0	A=0	C=1	
Position 136:	T=0	G=0	-=0	A=1	C=0	
Position 137:	T=0	G=0	-=0	A=0	C=1	
Position 138:	T=1	G=0	-=0	A=0	C=0	
Position 139:	T=0	G=0	-=0	A=1	C=0	
Position 140:	T=0	G=0	-=0	A=0	C=1	
Position 141:	T=0	G=1	-=0	A=0	C=0	
Position 142:	T=1	G=0	-=0	A=0	C=0	
Position 143:	T=1	G=0	-=0	A=0	C=0	
Position 144:	T=0	G=1	-=0	A=0	C=0	
Position 145:	T=1	G=0	-=0	A=0	C=0	
Position 146:	T=1	G=0	-=0	A=0	C=0	
Position 147:	T=0	G=2	-=0	A=0	C=0	
Position 148:	T=0	G=0	-=0	A=2	C=0	
Position 149:	T=2	G=0	-=0	A=0	C=0	
Position 150:	T=0	G=2	-=0	A=0	C=0	
Position 151:	T=0	G=0	-=0	A=0	C=2	
Position 152:	T=0	G=2	-=0	A=0	C=0	
Position 153:	T=0	G=0	-=0	A=2	C=0	
Position 154:	T=0	G=2	-=0	A=0	C=0	
Position 155:	T=0	G=2	-=0	A=0	C=0	
Position 156:	T=2	G=0	-=0	A=0	C=0	
Position 157:	T=0	G=0	-=0	A=0	C=2	
Position 158:	T=0	G=0	-=0	A=0	C=2	
Position 159:	T=0	G=0	-=0	A=2	C=0	
Position 160:	T=0	G=2	-=0	A=0	C=0	
Position 161:	T=0	G=0	-=0	A=2	C=0	
Position 162:	T=0	G=2	-=0	A=0	C=0	
Position 163:	T=0	G=0	-=0	A=2	C=0	
Position 164:	T=0	G=2	-=0	A=0	C=0	
Position 165:	T=1	G=0	-=0	A=0	C=7	
Position 166:	T=3	G=0	-=0	A=0	C=0	
Position 167:	T=0	G=0	-=0	A=3	C=0	
Position 168:	T=0	G=0	-=0	A=3	C=0	
Position 169:	T=0	G=0	-=0	A=3	C=0	
Position 170:	T=3	G=0	-=0	A=0	C=0	
Position 171:	T=0	G=0	-=0	A=0	C=3	
Position 172:	T=0	G=0	-=0	A=0	C=3	
Position 173:	T=3	G=0	-=0	A=0	C=0	
Position 174:	T=0	G=0	-=0	A=3	C=0	
Position 175:	T=3	G=0	-=0	A=0	C=0	
Position 176:	T=0	G=0	-=0	A=3	C=0	
Position 177:	T=0	G=3	-=0	A=0	C=0	
Position 178:	T=0	G=0	-=0	A=0	C=3	
Position 179:	T=0	G=0	-=0	A=3	C=0	
Position 180:	T=0	G=0	-=0	A=0	C=3	
Position 181:	T=0	G=0	-=0	A=3	C=0	
Position 182:	T=0	G=0	-=0	A=3	C=0	
Position 183:	T=0	G=0	-=0	A=0	C=3	
Position 184:	T=3	G=0	-=0	A=0	C=0	
Position 185:	T=0	G=0	-=0	A=0	C=3	
Position 186:	T=3	G=0	-=0	A=0	C=0	
Position 187:	T=0	G=0	-=0	A=0	C=3	
Position 188:	T=0	G=3	-=0	A=0	C=0	
Position 189:	T=0	G=0	-=0	A=0	C=3	
Position 190:	T=0	G=0	-=0	A=3	C=0	
Position 191:	T=0	G=0	-=0	A=0	C=3	
Position 192:	T=3	G=0	-=0	A=0	C=0	
Position 193:	T=0	G=0	-=0	A=0	C=3	
Position 194:	T=0	G=0	-=0	A=3	C=0	
Position 195:	T=0	G=0	-=0	A=0	C=3	
Position 196:	T=0	G=3	-=0	A=0	C=0	
Position 197:	T=0	G=0	-=0	A=3	C=0	
Position 198:	T=0	G=0	-=0	A=0	C=3	
Position 199:	T=0	G=0	-=0	A=3	C=0	
Position 200:	T=0	G=0	-=0	A=3	C=0	
Position 201:	T=0	G=0	-=0	A=0	C=2	
Position 202:	T=0	G=0	-=0	A=2	C=0	
Position 203:	T=0	G=2	-=0	A=0	C=0	
Position 204:	T=0	G=0	-=0	A=0	C=1	
Position 205:	T=1	G=0	-=0	A=0	C=0	
Position 206:	T=1	G=0	-=0	A=0	C=0	
Position 207:	T=1	G=0	-=0	A=0	C=0	
Position 208:	T=1	G=0	-=0	A=0	C=0	
Position 209:	T=1	G=0	-=0	A=0	C=0	
Position 210:	T=1	G=0	-=0	A=0	C=0	
Position 211:	T=0	G=5	-=0	A=0	C=0	
Position 212:	T=0	G=0	-=0	A=0	C=5	
Position 213:	T=0	G=0	-=0	A=5	C=0	
Position 214:	T=0	G=4	-=0	A=0	C=0	
Position 215:	T=0	G=2	-=0	A=0	C=0	
Position 216:	T=0	G=2	-=0	A=0	C=0	
Position 217:	T=0	G=0	-=0	A=2	C=0	
Position 218:	T=2	G=0	-=0	A=0	C=0	
Position 219:	T=0	G=0	-=0	A=0	C=2	
Position 220:	T=0	G=0	-=0	A=2	C=0	
Position 221:	T=0	G=0	-=0	A=2	C=0	
Position 222:	T=0	G=0	-=0	A=0	C=2	
Position 223:	T=0	G=0	-=0	A=2	C=0	
Position 224:	T=0	G=2	-=0	A=0	C=0	
Position 225:	T=0	G=2	-=0	A=0	C=0	
Position 226:	T=2	G=0	-=0	A=0	C=0	
Position 227:	T=2	G=0	-=0	A=0	C=0	
Position 228:	T=0	G=2	-=0	A=0	C=0	
Position 229:	T=0	G=0	-=0	A=0	C=2	
Position 230:	T=2	G=0	-=0	A=0	C=0	
Position 231:	T=0	G=0	-=0	A=0	C=2	
Position 232:	T=2	G=0	-=0	A=0	C=0	
Position 233:	T=2	G=0	-=0	A=0	C=0	
Position 234:	T=2	G=0	-=0	A=0	C=0	
Position 235:	T=0	G=0	-=0	A=0	C=1	
Position 236:	T=0	G=1	-=0	A=0	C=0	
Position 237:	T=0	G=1	-=0	A=0	C=0	
Position 238:	T=0	G=0	-=0	A=0	C=1	
Position 239:	T=1	G=0	-=0	A=0	C=0	
Position 240:	T=1	G=0	-=0	A=0	C=0	
Position 241:	T=1	G=0	-=0	A=0	C=0	
Position 242:	T=1	G=0	-=0	A=0	C=0	
Position 243:	T=0	G=1	-=0	A=0	C=0	
Position 244:	T=1	G=0	-=0	A=0	C=0	
Position 245:	T=0	G=0	-=0	A=1	C=0	
Position 246:	T=0	G=0	-=0	A=1	C=0	
Position 247:	T=0	G=0	-=0	A=0	C=1	
Position 248:	T=0	G=0	-=0	A=1	C=0	
Position 249:	T=0	G=0	-=0	A=0	C=1	
Position 250:	T=0	G=0	-=0	A=1	C=0	
Position 251:	T=0	G=0	-=0	A=1	C=0	
Position 252:	T=0	G=0	-=0	A=1	C=0	
Position 253:	T=1	G=0	-=0	A=0	C=0	
Position 254:	T=1	G=0	-=0	A=0	C=0	
Position 255:	T=1	G=0	-=0	A=0	C=0	
Position 256:	T=0	G=0	-=0	A=1	C=0	
Position 257:	T=0	G=0	C=0	-=0	A=0	
Position 258:	T=0	G=0	C=0	-=0	A=0	
Position 259:	T=0	G=0	C=0	-=0	A=0	
Position 260:	T=0	G=0	C=0	-=0	A=0	
Position 261:	T=0	G=0	C=0	-=0	A=0	
Position 262:	T=0	G=0	C=0	-=0	A=0	
Position 263:	T=0	G=0	-=0	A=1	C=0	
Position 264:	T=0	G=1	-=0	A=0	C=0	
Position 265:	T=0	G=0	-=0	A=0	C=1	
Position 266:	T=0	G=0	-=0	A=0	C=1	
Position 267:	T=0	G=0	-=0	A=0	C=1	
Position 268:	T=0	G=0	-=0	A=0	C=1	
Position 269:	T=0	G=0	-=0	A=0	C=1	
Position 270:	T=0	G=1	-=0	A=0	C=0	
Position 271:	T=0	G=0	-=0	A=0	C=1	
Position 272:	T=1	G=0	-=0	A=0	C=0	
Position 273:	T=1	G=0	-=0	A=0	C=0	
Position 274:	T=1	G=0	-=0	A=0	C=0	
Position 275:	T=0	G=0	-=0	A=0	C=1	
Position 276:	T=0	G=0	-=0	A=0	C=1	
Position 277:	T=0	G=1	-=0	A=0	C=0	
Position 278:	T=0	G=0	-=0	A=0	C=1	
Position 279:	T=0	G=0	-=0	A=1	C=0	
Position 280:	T=0	G=1	-=0	A=0	C=0	
Position 281:	T=1	G=0	-=0	A=0	C=0	
Position 282:	T=3	G=0	-=0	A=0	C=0	
Position 283:	T=0	G=0	-=0	A=3	C=0	
Position 284:	T=0	G=0	-=0	A=3	C=0	
Position 285:	T=3	G=0	-=0	A=0	C=0	
Position 286:	T=3	G=0	-=0	A=0	C=0	
Position 287:	T=3	G=0	-=0	A=0	C=0	
Position 288:	T=3	G=0	-=0	A=0	C=0	
Position 289:	T=0	G=0	-=0	A=0	C=3	
Position 290:	T=0	G=0	-=0	A=0	C=3	
Position 291:	T=0	G=0	-=0	A=3	C=0	
Position 292:	T=0	G=0	-=0	A=0	C=3	
Position 293:	T=0	G=0	-=0	A=3	C=0	
Position 294:	T=0	G=0	-=0	A=3	C=0	
Position 295:	T=3	G=0	-=0	A=0	C=0	
Position 296:	T=0	G=0	-=0	A=3	C=0	
Position 297:	T=0	G=0	-=0	A=2	C=0	
Position 298:	T=2	G=0	-=0	A=0	C=0	
Position 299:	T=2	G=0	-=0	A=0	C=0	
Position 300:	T=0	G=0	-=0	A=2	C=0	
Position 301:	T=0	G=0	-=0	A=0	C=2	
Position 302:	T=0	G=0	-=0	A=2	C=0	
Position 303:	T=0	G=2	-=0	A=0	C=0	
Position 304:	T=0	G=0	-=0	A=0	C=2	
Position 305:	T=0	G=0	-=0	A=2	C=0	
Position 306:	T=0	G=2	-=0	A=0	C=0	
Position 307:	T=0	G=0	-=0	A=2	C=0	
Position 308:	T=0	G=0	-=0	A=0	C=1	
Position 309:	T=0	G=1	-=0	A=0	C=0	
Position 310:	T=0	G=0	-=0	A=1	C=0	
Position 311:	T=1	G=0	-=0	A=0	C=0	
Position 312:	T=1	G=0	-=0	A=0	C=0	
Position 313:	T=0	G=1	-=0	A=0	C=0	
Position 314:	T=1	G=0	-=0	A=0	C=0	
Position 315:	T=0	G=0	-=0	A=0	C=1	
Position 316:	T=0	G=0	-=0	A=1	C=0	
Position 317:	T=0	G=0	C=0	-=0	A=0	
Position 318:	T=0	G=0	-=0	A=0	C=1	
Position 319:	T=0	G=0	-=0	A=0	C=1	
Position 320:	T=0	G=1	-=0	A=0	C=0	
Position 321:	T=0	G=0	-=0	A=1	C=0	
Position 322:	T=1	G=0	-=0	A=0	C=0	
Position 323:	T=0	G=0	-=0	A=0	C=1	
Position 324:	T=0	G=0	-=0	A=0	C=1	
Position 325:	T=0	G=0	-=0	A=1	C=0	
Position 326:	T=1	G=0	-=0	A=0	C=0	
Position 327:	T=1	G=0	-=0	A=0	C=0	
Position 328:	T=0	G=0	-=0	A=0	C=1	
Position 329:	T=1	G=0	-=0	A=0	C=0	
Position 330:	T=0	G=0	-=0	A=1	C=0	
Position 331:	T=1	G=0	-=0	A=0	C=0	
Position 332:	T=1	G=0	-=0	A=0	C=0	
Position 333:	T=0	G=0	-=0	A=1	C=0	
Position 334:	T=0	G=1	-=0	A=0	C=0	
Position 335:	T=0	G=1	-=0	A=0	C=0	
Position 336:	T=0	G=0	-=0	A=1	C=0	
Position 337:	T=1	G=0	-=0	A=0	C=0	
Position 338:	T=1	G=0	-=0	A=0	C=0	
Position 339:	T=0	G=1	-=0	A=0	C=0	
Position 340:	T=0	G=1	-=0	A=0	C=0	
Position 341:	T=0	G=0	-=0	A=0	C=1	
Position 342:	T=1	G=0	-=0	A=0	C=0	
Position 343:	T=0	G=0	-=0	A=1	C=0	
Position 344:	T=1	G=0	-=0	A=0	C=0	
Position 345:	T=0	G=0	-=0	A=1	C=0	
Position 346:	T=1	G=0	-=0	A=0	C=0	
Position 347:	T=0	G=1	-=0	A=0	C=0	
Position 348:	T=0	G=0	-=0	A=1	C=0	
Position 349:	T=1	G=0	-=0	A=0	C=0	
Position 350:	T=0	G=0	-=0	A=1	C=0	
Position 351:	T=1	G=0	-=0	A=0	C=0	
Position 352:	T=0	G=0	-=0	A=0	C=1	
Position 353:	T=0	G=0	-=0	A=0	C=1	
Position 354:	T=0	G=0	-=0	A=0	C=1	
Position 355:	T=1	G=0	-=0	A=0	C=0	
Position 356:	T=0	G=0	-=0	A=0	C=1	
Position 357:	T=0	G=1	-=0	A=0	C=0	
Position 358:	T=0	G=0	-=0	A=1	C=0	
Position 359:	T=0	G=0	-=0	A=0	C=1	
Position 360:	T=0	G=0	-=0	A=0	C=1	
Position 361:	T=0	G=0	-=0	A=1	C=0	
Position 362:	T=0	G=1	-=0	A=0	C=0	
Position 363:	T=1	G=0	-=0	A=0	C=0	
Position 364:	T=0	G=0	C=0	-=0	A=0	
Position 365:	T=0	G=0	-=0	A=0	C=1	
Position 366:	T=1	G=0	-=0	A=0	C=1	
Position 367:	T=2	G=0	-=0	A=0	C=0	
Position 368:	T=1	G=0	-=0	A=0	C=1	
Position 369:	T=0	G=0	-=0	A=2	C=0	
Position 370:	T=2	G=0	-=0	A=0	C=0	
Position 371:	T=0	G=0	-=0	A=0	C=2	
Position 372:	T=0	G=0	-=0	A=2	C=0	
Position 373:	T=0	G=0	-=0	A=0	C=2	
Position 374:	T=2	G=0	-=0	A=0	C=0	
Position 375:	T=0	G=0	-=0	A=2	C=0	
Position 376:	T=0	G=2	-=0	A=0	C=0	
Position 377:	T=0	G=0	-=0	A=0	C=2	
Position 378:	T=0	G=0	-=0	A=2	C=0	
Position 379:	T=2	G=0	-=0	A=0	C=0	
Position 380:	T=2	G=0	-=0	A=0	C=0	
Position 381:	T=0	G=2	-=0	A=0	C=0	
Position 382:	T=0	G=2	-=0	A=0	C=0	
Position 383:	T=2	G=0	-=0	A=0	C=0	
Position 384:	T=0	G=0	-=0	A=2	C=0	
Position 385:	T=2	G=0	-=0	A=0	C=0	
Position 386:	T=2	G=0	-=0	A=0	C=0	
Position 387:	T=0	G=0	-=0	A=0	C=2	
Position 388:	T=2	G=0	-=0	A=0	C=0	
Position 389:	T=0	G=0	-=0	A=2	C=0	
Position 390:	T=0	G=0	-=0	A=0	C=2	
Position 391:	T=2	G=0	-=0	A=0	C=0	
Position 392:	T=0	G=0	-=0	A=2	C=0	
Position 393:	T=0	G=0	-=0	A=2	C=0	
Position 394:	T=2	G=0	-=0	A=0	C=0	
Position 395:	T=2	G=0	-=0	A=0	C=0	
Position 396:	T=0	G=0	-=0	A=2	C=0	
Position 397:	T=0	G=0	-=0	A=2	C=0	
Position 398:	T=0	G=0	-=0	A=0	C=2	
Position 399:	T=0	G=0	-=0	A=2	C=0	
Position 400:	T=2	G=0	-=0	A=0	C=0	
Position 401:	T=2	G=0	-=0	A=0	C=0	
Position 402:	T=0	G=0	-=0	A=1	C=0	
Position 403:	T=0	G=0	-=0	A=1	C=0	
Position 404:	T=0	G=1	-=0	A=0	C=0	
Position 405:	T=0	G=0	-=0	A=0	C=1	
Position 406:	T=0	G=0	-=0	A=1	C=0	
Position 407:	T=0	G=0	-=0	A=0	C=1	
Position 408:	T=0	G=0	-=0	A=0	C=1	
Position 409:	T=0	G=0	-=0	A=1	C=0	
Position 410:	T=0	G=0	-=0	A=1	C=0	
Position 411:	T=0	G=0	-=0	A=0	C=1	
Position 412:	T=0	G=0	-=0	A=1	C=0	
Position 413:	T=1	G=0	-=0	A=0	C=0	
Position 414:	T=1	G=0	-=0	A=0	C=0	
Position 415:	T=0	G=1	-=0	A=0	C=0	
Position 416:	T=1	G=0	-=0	A=0	C=0	
Position 417:	T=1	G=0	-=0	A=0	C=0	
Position 418:	T=0	G=0	-=0	A=0	C=1	
Position 419:	T=0	G=1	-=0	A=0	C=0	
Position 420:	T=0	G=0	-=0	A=0	C=1	
Position 421:	T=1	G=0	-=0	A=0	C=0	
Position 422:	T=1	G=0	-=0	A=0	C=0	
Position 423:	T=0	G=1	-=0	A=0	C=0	
Position 424:	T=1	G=0	-=0	A=0	C=0	
Position 425:	T=1	G=0	-=0	A=0	C=0	
Position 426:	T=1	G=0	-=0	A=0	C=0	
Position 427:	T=1	G=0	-=0	A=0	C=0	
Position 428:	T=0	G=1	-=0	A=0	C=0	
Position 429:	T=0	G=0	-=0	A=1	C=0	
Position 430:	T=0	G=0	-=0	A=0	C=1	
Position 431:	T=0	G=0	-=0	A=1	C=0	
Position 432:	T=0	G=1	-=0	A=0	C=0	
Position 433:	T=0	G=0	-=0	A=1	C=0	
Position 434:	T=0	G=0	-=0	A=1	C=0	
Position 435:	T=0	G=0	-=0	A=1	C=0	
Position 436:	T=0	G=1	-=0	A=0	C=0	
Position 437:	T=0	G=0	-=0	A=0	C=1	
Position 438:	T=1	G=0	-=0	A=0	C=0	
Position 439:	T=1	G=0	-=0	A=0	C=0	
Position 440:	T=0	G=0	-=0	A=1	C=0	
Position 441:	T=1	G=0	-=0	A=0	C=0	
Position 442:	T=1	G=0	-=0	A=0	C=0	
Position 443:	T=0	G=1	-=0	A=0	C=0	
Position 444:	T=0	G=0	-=0	A=1	C=0	
Position 445:	T=0	G=1	-=0	A=0	C=0	
Position 446:	T=0	G=1	-=0	A=0	C=0	
Position 447:	T=0	G=0	-=0	A=0	C=1	
Position 448:	T=0	G=0	C=0	-=0	A=0	
Position 449:	T=0	G=0	C=0	-=0	A=0	
Position 450:	T=1	G=0	-=0	A=0	C=0	
Position 451:	T=0	G=0	-=0	A=1	C=0	
Position 452:	T=0	G=1	-=0	A=0	C=0	
Position 453:	T=1	G=0	-=0	A=0	C=0	
Position 454:	T=1	G=0	-=0	A=0	C=0	
Position 455:	T=1	G=0	-=0	A=0	C=0	
Position 456:	T=0	G=0	-=0	A=0	C=1	
Position 457:	T=1	G=0	-=0	A=0	C=0	
Position 458:	T=1	G=0	-=0	A=0	C=0	
Position 459:	T=1	G=0	-=0	A=0	C=0	
Position 460:	T=0	G=0	-=0	A=1	C=0	
Position 461:	T=1	G=0	-=0	A=0	C=0	
Position 462:	T=1	G=0	-=0	A=0	C=0	
Position 463:	T=0	G=0	-=0	A=0	C=1	
Position 464:	T=1	G=0	-=0	A=0	C=0	
Position 465:	T=0	G=0	-=0	A=0	C=1	
Position 466:	T=0	G=0	-=0	A=1	C=0	
Position 467:	T=1	G=0	-=0	A=0	C=0	
Position 468:	T=0	G=0	-=0	A=0	C=1	
Position 469:	T=0	G=1	-=0	A=0	C=0	
Position 470:	T=0	G=0	-=0	A=0	C=1	
Position 471:	T=0	G=0	-=0	A=1	C=0	
Position 472:	T=0	G=2	-=0	A=0	C=0	
Position 473:	T=0	G=2	-=0	A=0	C=0	
Position 474:	T=0	G=2	-=0	A=0	C=0	
Position 475:	T=0	G=2	-=0	A=0	C=0	
Position 476:	T=1	G=0	-=0	A=0	C=1	
Position 477:	T=0	G=0	-=0	A=2	C=0	
Position 478:	T=0	G=2	-=0	A=0	C=0	
Position 479:	T=1	G=0	-=0	A=0	C=1	
Position 480:	T=2	G=0	-=0	A=0	C=0	
Position 481:	T=0	G=0	-=0	A=0	C=2	
Position 482:	T=2	G=0	-=0	A=0	C=0	
Position 483:	T=0	G=0	-=0	A=2	C=0	
Position 484:	T=0	G=2	-=0	A=0	C=0	
Position 485:	T=0	G=2	-=0	A=0	C=0	
Position 486:	T=0	G=2	-=0	A=0	C=0	
Position 487:	T=0	G=0	-=0	A=2	C=0	
Position 488:	T=2	G=0	-=0	A=0	C=0	
Position 489:	T=0	G=0	-=0	A=0	C=3	
Position 490:	T=0	G=0	-=0	A=3	C=0	
Position 491:	T=0	G=3	-=0	A=0	C=0	
Position 492:	T=0	G=0	-=0	A=3	C=0	
Position 493:	T=3	G=0	-=0	A=0	C=0	
Position 494:	T=0	G=0	-=0	A=0	C=3	
Position 495:	T=0	G=0	-=0	A=3	C=0	
Position 496:	T=0	G=3	-=0	A=0	C=0	
Position 497:	T=3	G=0	-=0	A=0	C=0	
Position 498:	T=0	G=3	-=0	A=0	C=0	
Position 499:	T=3	G=0	-=0	A=0	C=0	
Position 500:	T=0	G=3	-=0	A=0	C=0	
Position 501:	T=0	G=5	-=0	A=0	C=0	
Position 502:	T=0	G=5	-=0	A=0	C=0	
Position 503:	T=0	G=0	-=0	A=0	C=5	
Position 504:	T=0	G=0	-=0	A=5	C=0	
Position 505:	T=0	G=5	-=0	A=0	C=0	
Position 506:	T=0	G=0	-=0	A=5	C=0	
Position 507:	T=0	G=0	-=0	A=0	C=5	
Position 508:	T=0	G=0	-=0	A=5	C=0	
Position 509:	T=5	G=0	-=0	A=0	C=0	
Position 510:	T=0	G=0	-=0	A=0	C=5	
Position 511:	T=5	G=0	-=0	A=0	C=0	
Position 512:	T=0	G=0	-=0	A=5	C=0	
Position 513:	T=5	G=0	-=0	A=0	C=0	
Position 514:	T=0	G=0	-=0	A=5	C=0	
Position 515:	T=0	G=0	-=0	A=2	C=0	
Position 516:	T=2	G=0	-=0	A=0	C=0	
Position 517:	T=0	G=0	-=0	A=0	C=2	
Position 518:	T=0	G=0	-=0	A=0	C=2	
Position 519:	T=0	G=0	-=0	A=0	C=2	
Position 520:	T=2	G=0	-=0	A=0	C=0	
Position 521:	T=0	G=0	-=0	A=0	C=2	
Position 522:	T=0	G=0	-=0	A=0	C=2	
Position 523:	T=0	G=0	-=0	A=0	C=2	
Position 524:	T=2	G=0	-=0	A=0	C=0	
Position 525:	T=0	G=0	-=0	A=0	C=2	
Position 526:	T=0	G=0	-=0	A=2	C=0	
Position 527:	T=0	G=0	-=0	A=0	C=2	
Position 528:	T=2	G=0	-=0	A=0	C=0	
Position 529:	T=0	G=2	-=0	A=0	C=0	
Position 530:	T=2	G=0	-=0	A=0	C=0	
Position 531:	T=2	G=0	-=0	A=0	C=0	
Position 532:	T=0	G=2	-=0	A=0	C=0	
Position 533:	T=0	G=0	-=0	A=2	C=0	
Position 534:	T=0	G=0	-=0	A=0	C=2	
Position 535:	T=0	G=0	-=0	A=2	C=0	
Position 536:	T=0	G=0	-=0	A=2	C=0	
Position 537:	T=0	G=0	-=0	A=0	C=2	
Position 538:	T=0	G=0	-=0	A=2	C=0	
Position 539:	T=0	G=1	-=0	A=0	C=0	
Position 540:	T=0	G=1	-=0	A=0	C=0	
Position 541:	T=1	G=0	-=0	A=0	C=0	
Position 542:	T=1	G=0	-=0	A=0	C=0	
Position 543:	T=0	G=1	-=0	A=0	C=0	
Position 544:	T=0	G=0	-=0	A=0	C=1	
Position 545:	T=1	G=0	-=0	A=0	C=0	
Position 546:	T=0	G=1	-=0	A=0	C=0	
Position 547:	T=0	G=1	-=0	A=0	C=0	
Position 548:	T=0	G=0	-=0	A=1	C=0	
Position 549:	T=0	G=1	-=0	A=0	C=0	
Position 550:	T=0	G=0	-=0	A=1	C=0	
Position 551:	T=0	G=1	-=0	A=0	C=0	
Position 552:	T=0	G=0	-=0	A=1	C=0	
Position 553:	T=0	G=0	C=0	-=0	A=0	
Position 554:	T=0	G=0	C=0	-=0	A=0	
Position 555:	T=0	G=0	C=0	-=0	A=0	
Position 556:	T=0	G=0	C=0	-=0	A=0	
Position 557:	T=0	G=0	C=0	-=0	A=0	
Position 558:	T=1	G=0	-=0	A=0	C=0	
Position 559:	T=0	G=1	-=0	A=0	C=0	
Position 560:	T=1	G=0	-=0	A=0	C=0	
Position 561:	T=1	G=0	-=0	A=0	C=0	
Position 562:	T=0	G=0	-=0	A=1	C=0	
Position 563:	T=0	G=0	-=0	A=1	C=0	
Position 564:	T=0	G=0	-=0	A=1	C=0	
Position 565:	T=0	G=0	-=0	A=0	C=1	
Position 566:	T=1	G=0	-=0	A=0	C=0	
Position 567:	T=0	G=1	-=0	A=0	C=0	
Position 568:	T=0	G=0	-=0	A=1	C=0	
Position 569:	T=1	G=0	-=0	A=0	C=0	
Position 570:	T=0	G=1	-=0	A=0	C=0	
Position 571:	T=0	G=1	-=0	A=0	C=0	
Position 572:	T=0	G=0	-=0	A=1	C=0	
Position 573:	T=0	G=1	-=0	A=0	C=0	
Position 574:	T=0	G=0	-=0	A=1	C=0	
Position 575:	T=1	G=0	-=0	A=0	C=0	
Position 576:	T=1	G=0	-=0	A=0	C=0	
Position 577:	T=0	G=0	-=0	A=1	C=0	
Position 578:	T=0	G=1	-=0	A=0	C=0	
Position 579:	T=0	G=0	-=0	A=1	C=0	
Position 580:	T=1	G=0	-=0	A=0	C=0	
Position 581:	T=0	G=0	-=0	A=0	C=1	
Position 582:	T=0	G=0	-=0	A=0	C=1	
Position 583:	T=0	G=1	-=0	A=0	C=0	
Position 584:	T=0	G=0	-=0	A=0	C=1	
Position 585:	T=0	G=0	-=0	A=0	C=1	
Position 586:	T=1	G=0	-=0	A=0	C=0	
Position 587:	T=0	G=0	-=0	A=1	C=0	
Position 588:	T=0	G=0	-=0	A=0	C=1	
Position 589:	T=0	G=0	-=0	A=0	C=1	
Position 590:	T=1	G=0	-=0	A=0	C=0	
Position 591:	T=0	G=1	-=0	A=0	C=0	
Position 592:	T=0	G=1	-=0	A=0	C=0	
Position 593:	T=0	G=0	-=0	A=1	C=0	
Position 594:	T=1	G=0	-=0	A=0	C=0	
Position 595:	T=0	G=0	-=0	A=1	C=0	
Position 596:	T=1	G=0	-=0	A=0	C=0	
Position 597:	T=0	G=0	-=0	A=0	C=1	
Position 598:	T=0	G=0	-=0	A=1	C=0	
Position 599:	T=1	G=0	-=0	A=0	C=0	
Position 600:	T=0	G=0	-=0	A=1	C=0	
Position 601:	T=0	G=0	-=0	A=1	C=0	
Position 602:	T=1	G=0	-=0	A=0	C=0	
Position 603:	T=0	G=0	-=0	A=1	C=0	
Position 604:	T=0	G=1	-=0	A=0	C=0	
Position 605:	T=1	G=0	-=0	A=0	C=0	
Position 606:	T=0	G=0	-=0	A=1	C=0	
Position 607:	T=1	G=0	-=0	A=0	C=0	
Position 608:	T=0	G=1	-=0	A=0	C=0	
Position 609:	T=0	G=0	-=0	A=1	C=0	
Position 610:	T=1	G=0	-=0	A=0	C=0	
Position 611:	T=0	G=1	-=0	A=0	C=0	
Position 612:	T=0	G=1	-=0	A=0	C=0	
Position 613:	T=0	G=1	-=0	A=0	C=0	
Position 614:	T=1	G=0	-=0	A=0	C=0	
Position 615:	T=0	G=0	-=0	A=4	C=0	
Position 616:	T=0	G=0	-=0	A=4	C=0	
Position 617:	T=0	G=4	-=0	A=0	C=0	
Position 618:	T=0	G=0	-=0	A=4	C=0	
Position 619:	T=0	G=0	-=0	A=4	C=0	
Position 620:	T=0	G=4	-=0	A=0	C=0	
Position 621:	T=4	G=0	-=0	A=0	C=0	
Position 622:	T=0	G=4	-=0	A=0	C=0	
Position 623:	T=0	G=0	-=0	A=4	C=0	
Position 624:	T=0	G=0	-=0	A=4	C=0	
Position 625:	T=0	G=0	-=0	A=4	C=0	
Position 626:	T=0	G=4	-=0	A=0	C=0	
Position 627:	T=0	G=4	-=0	A=0	C=0	
Position 628:	T=0	G=0	-=0	A=4	C=0	
Position 629:	T=0	G=0	-=0	A=4	C=0	
Position 630:	T=0	G=3	-=0	A=0	C=0	
Position 631:	T=0	G=3	-=0	A=0	C=0	
Position 632:	T=3	G=0	-=0	A=0	C=0	
Position 633:	T=3	G=0	-=0	A=0	C=0	
Position 634:	T=0	G=0	-=0	A=0	C=3	
Position 635:	T=0	G=0	-=0	A=0	C=3	
Position 636:	T=3	G=0	-=0	A=0	C=0	
Position 637:	T=3	G=0	-=0	A=0	C=0	
Position 638:	T=0	G=0	-=0	A=3	C=0	
Position 639:	T=3	G=0	-=0	A=0	C=0	
Position 640:	T=0	G=3	-=0	A=0	C=0	
Position 641:	T=0	G=0	-=0	A=3	C=0	
Position 642:	T=0	G=0	-=0	A=0	C=3	
Position 643:	T=3	G=0	-=0	A=0	C=0	
Position 644:	T=0	G=0	-=0	A=2	C=0	
Position 645:	T=0	G=0	-=0	A=0	C=1	
Position 646:	T=0	G=0	-=0	A=0	C=1	
Position 647:	T=0	G=0	-=0	A=0	C=1	
Position 648:	T=0	G=0	-=0	A=1	C=0	
Position 649:	T=0	G=0	-=0	A=1	C=0	
Position 650:	T=1	G=0	-=0	A=0	C=0	
Position 651:	T=0	G=0	-=0	A=1	C=0	
Position 652:	T=0	G=1	-=0	A=0	C=0	
Position 653:	T=0	G=0	-=0	A=0	C=1	
Position 654:	T=0	G=1	-=0	A=0	C=0	
Position 655:	T=0	G=0	-=0	A=0	C=1	
Position 656:	T=1	G=0	-=0	A=0	C=0	
Position 657:	T=0	G=1	-=0	A=0	C=0	
Position 658:	T=1	G=0	-=0	A=0	C=0	
Position 659:	T=0	G=0	-=0	A=0	C=1	
Position 660:	T=1	G=0	-=0	A=0	C=0	
Position 661:	T=1	G=0	-=0	A=0	C=0	
Position 662:	T=0	G=1	-=0	A=0	C=0	
Position 663:	T=0	G=0	-=0	A=0	C=1	
Position 664:	T=0	G=0	-=0	A=0	C=1	
Position 665:	T=0	G=0	-=0	A=1	C=0	
Position 666:	T=0	G=0	-=0	A=0	C=1	
Position 667:	T=0	G=0	-=0	A=1	C=0	
Position 668:	T=0	G=1	-=0	A=0	C=0	
Position 669:	T=0	G=0	-=0	A=0	C=1	
Position 670:	T=0	G=0	-=0	A=1	C=0	
Position 671:	T=0	G=1	-=0	A=0	C=0	
Position 672:	T=0	G=1	-=0	A=0	C=0	
Position 673:	T=1	G=0	-=0	A=0	C=0	
Position 674:	T=1	G=0	-=0	A=0	C=0	
Position 675:	T=0	G=0	-=0	A=0	C=1	
Position 676:	T=1	G=0	-=0	A=0	C=0	
Position 677:	T=0	G=0	-=0	A=1	C=0	
Position 678:	T=1	G=0	-=0	A=0	C=0	
Position 679:	T=0	G=0	-=0	A=1	C=0	
Position 680:	T=0	G=0	C=0	-=0	A=0	
Position 681:	T=1	G=0	-=0	A=0	C=0	
Position 682:	T=0	G=1	-=0	A=0	C=0	
Position 683:	T=0	G=0	-=0	A=0	C=1	
Position 684:	T=1	G=0	-=0	A=0	C=0	
Position 685:	T=1	G=0	-=0	A=0	C=0	
Position 686:	T=0	G=1	-=0	A=0	C=0	
Position 687:	T=0	G=1	-=0	A=0	C=0	
Position 688:	T=0	G=0	-=0	A=1	C=0	
Position 689:	T=0	G=1	-=0	A=0	C=0	
Position 690:	T=0	G=1	-=0	A=0	C=0	
Position 691:	T=0	G=0	-=0	A=0	C=1	
Position 692:	T=0	G=0	-=0	A=1	C=0	
Position 693:	T=0	G=0	-=0	A=0	C=1	
Position 694:	T=0	G=0	-=0	A=1	C=0	
Position 695:	T=0	G=0	-=0	A=1	C=0	
Position 696:	T=1	G=0	-=0	A=0	C=0	
Position 697:	T=0	G=0	-=0	A=1	C=0	
Position 698:	T=0	G=0	-=0	A=1	C=0	
Position 699:	T=0	G=0	-=0	A=1	C=0	
Position 700:	T=0	G=0	-=0	A=1	C=0	
Position 701:	T=0	G=0	-=0	A=0	C=1	
Position 702:	T=0	G=0	-=0	A=1	C=0	
Position 703:	T=0	G=0	-=0	A=1	C=0	
Position 704:	T=0	G=0	-=0	A=1	C=0	
Position 705:	T=0	G=1	-=0	A=0	C=0	
Position 706:	T=0	G=1	-=0	A=0	C=0	
Position 707:	T=0	G=0	-=0	A=0	C=1	
Position 708:	T=0	G=0	-=0	A=0	C=1	
Position 709:	T=0	G=0	-=0	A=0	C=1	
Position 710:	T=1	G=0	-=0	A=0	C=0	
Position 711:	T=1	G=0	-=0	A=0	C=0	
Position 712:	T=0	G=0	-=0	A=0	C=1	
Position 713:	T=0	G=0	-=0	A=1	C=0	
Position 714:	T=0	G=1	-=0	A=0	C=0	
Position 715:	T=1	G=0	-=0	A=0	C=0	
Position 716:	T=0	G=1	-=0	A=0	C=0	
Position 717:	T=0	G=0	-=0	A=0	C=1	
Position 718:	T=0	G=0	-=0	A=0	C=1	
Position 719:	T=0	G=1	-=0	A=0	C=0	
Position 720:	T=0	G=0	-=0	A=0	C=1	
Position 721:	T=0	G=0	-=0	A=1	C=0	
Position 722:	T=0	G=0	-=0	A=1	C=0	
Position 723:	T=1	G=0	-=0	A=0	C=0	
Position 724:	T=0	G=0	-=0	A=0	C=1	
Position 725:	T=0	G=1	-=0	A=0	C=0	
Position 726:	T=1	G=0	-=0	A=0	C=0	
Position 727:	T=0	G=0	-=0	A=0	C=1	
Position 728:	T=1	G=0	-=0	A=0	C=0	
Position 729:	T=1	G=0	-=0	A=0	C=0	
Position 730:	
Position 731:	
Position 732:	
Position 733:	
Position 734:	
Position 735:	
Position 736:	
Position 737:	
Position 738:	
Position 739:	
Position 740:	
Position 741:	
Position 742:	
Position 743:	
Position 744:	
Position 745:	
Position 746:	
Position 747:	
Position 748:	
Position 749:	
Position 750:	
Position 751:	
Position 752:	
Position 753:	
Position 754:	
Position 755:	T=0	G=0	-=0	A=1	C=0	
Position 756:	T=0	G=0	-=0	A=0	C=1	
Position 757:	T=1	G=0	-=0	A=0	C=0	
Position 758:	T=0	G=0	-=0	A=1	C=0	
Position 759:	T=1	G=0	-=0	A=0	C=0	
Position 760:	T=0	G=0	-=0	A=0	C=1	
Position 761:	T=0	G=0	-=0	A=0	C=1	
Position 762:	T=0	G=0	-=0	A=1	C=0	
Position 763:	T=0	G=0	-=0	A=1	C=0	
Position 764:	T=0	G=0	-=0	A=1	C=0	
Position 765:	T=1	G=0	-=0	A=0	C=0	
Position 766:	T=0	G=0	-=0	A=1	C=0	
Position 767:	T=0	G=0	-=0	A=1	C=0	
Position 768:	T=0	G=1	-=0	A=0	C=0	
Position 769:	T=0	G=0	-=0	A=1	C=0	
Position 770:	T=0	G=0	-=0	A=0	C=1	
Position 771:	T=0	G=1	-=0	A=0	C=0	
Position 772:	T=0	G=0	-=0	A=1	C=0	
Position 773:	T=1	G=0	-=0	A=0	C=0	
Position 774:	T=1	G=0	-=0	A=0	C=0	
Position 775:	T=0	G=1	-=0	A=0	C=0	
Position 776:	T=0	G=0	-=0	A=0	C=1	
Position 777:	T=0	G=1	-=0	A=0	C=0	
Position 778:	T=0	G=1	-=0	A=0	C=0	
Position 779:	T=0	G=0	-=0	A=0	C=1	
Position 780:	T=0	G=0	-=0	A=1	C=0	
Position 781:	T=0	G=0	-=0	A=0	C=1	
Position 782:	T=1	G=0	-=0	A=0	C=0	
Position 783:	T=0	G=1	-=0	A=0	C=0	
Position 784:	T=0	G=0	-=0	A=1	C=0	
Position 785:	T=0	G=0	-=0	A=1	C=0	
Position 786:	T=0	G=1	-=0	A=0	C=0	
Position 787:	T=0	G=1	-=0	A=0	C=0	
Position 788:	T=0	G=1	-=0	A=0	C=0	
Position 789:	T=0	G=0	-=0	A=0	C=1	
Position 790:	T=0	G=0	-=0	A=0	C=1	
Position 791:	T=1	G=0	-=0	A=0	C=0	
Position 792:	T=1	G=0	-=0	A=0	C=0	
Position 793:	T=1	G=0	-=0	A=0	C=0	
Position 794:	T=0	G=1	-=0	A=0	C=0	
Position 795:	T=1	G=0	-=0	A=0	C=0	
Position 796:	T=1	G=0	-=0	A=0	C=0	
Position 797:	T=1	G=0	-=0	A=0	C=0	
Position 798:	T=1	G=0	-=0	A=0	C=0	
Position 799:	T=0	G=0	-=0	A=1	C=0	
Position 800:	T=1	G=0	-=0	A=0	C=0	
Position 801:	T=1	G=0	-=0	A=0	C=0	
Position 802:	T=0	G=1	-=0	A=0	C=0	
Position 803:	T=1	G=0	-=0	A=0	C=0	
Position 804:	T=0	G=1	-=0	A=0	C=0	
Position 805:	T=0	G=0	-=0	A=0	C=1	
Position 806:	T=0	G=0	-=0	A=0	C=1	
Position 807:	T=1	G=0	-=0	A=0	C=0	
Position 808:	T=0	G=0	-=0	A=0	C=1	
Position 809:	T=0	G=0	-=0	A=0	C=1	
Position 810:	T=0	G=0	-=0	A=1	C=0	
Position 811:	T=0	G=0	-=0	A=1	C=0	
Position 812:	T=0	G=1	-=0	A=0	C=0	
Position 813:	T=0	G=0	-=0	A=0	C=1	
Position 814:	T=0	G=0	C=0	-=0	A=0	
Position 815:	T=0	G=0	-=0	A=0	C=1	
Position 816:	T=0	G=0	-=0	A=1	C=0	
Position 817:	T=0	G=1	-=0	A=0	C=0	
Position 818:	T=0	G=0	-=0	A=0	C=1	
Position 819:	T=0	G=0	-=0	A=0	C=1	
Position 820:	T=0	G=0	-=0	A=1	C=0	
Position 821:	T=0	G=1	-=0	A=0	C=0	
Position 822:	T=0	G=0	-=0	A=1	C=0	
Position 823:	T=0	G=0	-=0	A=1	C=0	
Position 824:	T=0	G=0	-=0	A=1	C=0	
Position 825:	T=0	G=1	-=0	A=0	C=0	
Position 826:	T=0	G=0	-=0	A=1	C=0	
Position 827:	T=0	G=0	-=0	A=0	C=1	
Position 828:	T=0	G=1	-=0	A=0	C=0	
Position 829:	T=0	G=0	-=0	A=0	C=1	
Position 830:	T=1	G=0	-=0	A=0	C=0	
Position 831:	T=0	G=0	-=0	A=1	C=0	
Position 832:	T=0	G=0	-=0	A=1	C=0	
Position 833:	T=0	G=1	-=0	A=0	C=0	
Position 834:	T=0	G=0	-=0	A=1	C=0	
Position 835:	T=0	G=0	-=0	A=1	C=0	
Position 836:	T=0	G=0	-=0	A=0	C=1	
Position 837:	T=1	G=0	-=0	A=0	C=0	
Position 838:	T=0	G=0	-=0	A=0	C=1	
Position 839:	T=0	G=0	-=0	A=1	C=0	
Position 840:	T=0	G=0	-=0	A=1	C=0	
Position 841:	T=0	G=0	-=0	A=1	C=0	
Position 842:	T=0	G=0	-=0	A=1	C=0	
Position 843:	T=0	G=0	-=0	A=1	C=0	
Position 844:	T=0	G=0	C=0	-=0	A=0	
Position 845:	T=1	G=0	-=0	A=0	C=0	
Position 846:	T=0	G=0	-=0	A=1	C=0	
Position 847:	T=1	G=0	-=0	A=0	C=0	
Position 848:	T=1	G=0	-=0	A=0	C=0	
Position 849:	T=0	G=0	-=0	A=1	C=0	
Position 850:	T=1	G=0	-=0	A=0	C=0	
Position 851:	T=0	G=0	-=0	A=0	C=1	
Position 852:	T=0	G=0	-=0	A=0	C=1	
Position 853:	T=0	G=0	-=0	A=0	C=1	
Position 854:	T=0	G=0	-=0	A=1	C=0	
Position 855:	T=0	G=1	-=0	A=0	C=0	
Position 856:	T=1	G=0	-=0	A=0	C=0	
Position 857:	T=0	G=0	-=0	A=0	C=1	
Position 858:	T=0	G=0	-=0	A=0	C=1	
Position 859:	T=1	G=0	-=0	A=0	C=0	
Position 860:	T=0	G=0	-=0	A=1	C=0	
Position 861:	T=0	G=0	-=0	A=0	C=1	
Position 862:	T=1	G=0	-=0	A=0	C=0	
Position 863:	T=0	G=0	-=0	A=1	C=0	
Position 864:	T=0	G=0	-=0	A=1	C=0	
Position 865:	T=1	G=0	-=0	A=0	C=0	
Position 866:	T=1	G=0	-=0	A=0	C=0	
Position 867:	T=1	G=0	-=0	A=0	C=0	
Position 868:	T=0	G=0	-=0	A=0	C=1	
Position 869:	T=0	G=0	-=0	A=0	C=1	
Position 870:	T=0	G=0	-=0	A=0	C=1	
Position 871:	T=0	G=0	-=0	A=1	C=0	
Position 872:	T=0	G=0	-=0	A=0	C=1	
Position 873:	T=0	G=1	-=0	A=0	C=0	
Position 874:	T=1	G=0	-=0	A=0	C=0	
Position 875:	T=0	G=0	-=0	A=1	C=0	
Position 876:	T=0	G=0	-=0	A=0	C=1	
Position 877:	T=0	G=0	-=0	A=1	C=0	
Position 878:	T=0	G=1	-=0	A=0	C=0	
Position 879:	T=0	G=0	-=0	A=1	C=0	
Position 880:	T=0	G=1	-=0	A=0	C=0	
Position 881:	T=0	G=0	-=0	A=1	C=0	
Position 882:	T=1	G=0	-=0	A=0	C=0	
Position 883:	T=1	G=0	-=0	A=0	C=0	
Position 884:	T=0	G=0	-=0	A=0	C=1	
Position 885:	T=1	G=0	-=0	A=0	C=0	
Position 886:	T=0	G=0	-=0	A=0	C=1	
Position 887:	T=1	G=0	-=0	A=0	C=0	
Position 888:	T=1	G=0	-=0	A=0	C=0	
Position 889:	T=0	G=0	-=0	A=0	C=1	
Position 890:	T=1	G=0	-=0	A=0	C=0	
Position 891:	T=0	G=0	-=0	A=1	C=0	
Position 892:	T=0	G=0	-=0	A=1	C=0	
Position 893:	T=0	G=0	-=0	A=0	C=1	
Position 894:	T=1	G=0	-=0	A=0	C=0	
Position 895:	T=1	G=0	-=0	A=0	C=0	
Position 896:	T=0	G=0	C=0	-=0	A=0	
Position 897:	T=0	G=0	-=0	A=0	C=1	
Position 898:	T=0	G=0	-=0	A=0	C=1	
Position 899:	T=0	G=1	-=0	A=0	C=0	
Position 900:	T=0	G=0	-=0	A=1	C=0	
Position 901:	T=1	G=0	-=0	A=0	C=0	
Position 902:	T=0	G=1	-=0	A=0	C=0	
Position 903:	T=1	G=0	-=0	A=0	C=0	
Position 904:	T=0	G=0	-=0	A=1	C=0	
Position 905:	T=0	G=0	-=0	A=1	C=0	
Position 906:	T=0	G=0	-=0	A=1	C=0	
Position 907:	T=0	G=0	-=0	A=1	C=0	
Position 908:	T=0	G=0	-=0	A=1	C=0	
Position 909:	T=1	G=0	-=0	A=0	C=0	
Position 910:	T=0	G=0	-=0	A=1	C=0	
Position 911:	T=0	G=0	-=0	A=1	C=0	
Position 912:	T=0	G=0	-=0	A=1	C=0	
Position 913:	T=0	G=0	-=0	A=1	C=0	
Position 914:	T=0	G=0	-=0	A=1	C=0	
Position 915:	T=1	G=0	-=0	A=0	C=0	
Position 916:	T=0	G=0	-=0	A=1	C=0	
Position 917:	T=0	G=0	-=0	A=1	C=0	
Position 918:	T=1	G=0	-=0	A=0	C=0	
Position 919:	T=1	G=0	-=0	A=0	C=0	
Position 920:	T=0	G=0	-=0	A=0	C=1	
Position 921:	T=1	G=0	-=0	A=0	C=0	
Position 922:	T=0	G=0	-=0	A=0	C=1	
Position 923:	T=1	G=0	-=0	A=0	C=0	
Position 924:	T=0	G=0	C=0	-=0	A=0	
Position 925:	T=0	G=0	-=0	A=0	C=1	
Position 926:	T=1	G=0	-=0	A=0	C=0	
Position 927:	T=1	G=0	-=0	A=0	C=0	
Position 928:	T=0	G=0	-=0	A=0	C=1	
Position 929:	T=0	G=0	-=0	A=1	C=0	
Position 930:	T=1	G=0	-=0	A=0	C=0	
Position 931:	T=0	G=0	-=0	A=1	C=0	
Position 932:	T=0	G=1	-=0	A=0	C=0	
Position 933:	T=1	G=0	-=0	A=0	C=0	
Position 934:	T=0	G=0	-=0	A=0	C=1	
Position 935:	T=0	G=0	-=0	A=1	C=0	
Position 936:	T=0	G=0	-=0	A=0	C=1	
Position 937:	T=0	G=0	-=0	A=0	C=1	
Position 938:	T=0	G=0	-=0	A=1	C=0	
Position 939:	T=1	G=0	-=0	A=0	C=0	
Position 940:	T=0	G=0	-=0	A=1	C=0	
Position 941:	T=0	G=0	-=0	A=1	C=0	
Position 942:	T=0	G=0	-=0	A=1	C=0	
Position 943:	T=0	G=1	-=0	A=0	C=0	
Position 944:	T=0	G=0	-=0	A=1	C=0	
Position 945:	T=0	G=0	-=0	A=0	C=1	
Position 946:	T=0	G=0	-=0	A=0	C=1	
Position 947:	T=0	G=1	-=0	A=0	C=0	
Position 948:	T=1	G=0	-=0	A=0	C=0	
Position 949:	T=1	G=0	-=0	A=0	C=0	
Position 950:	T=0	G=0	-=0	A=1	C=0	
Position 951:	T=0	G=0	-=0	A=1	C=0	
Position 952:	T=1	G=0	-=0	A=0	C=0	
Position 953:	T=0	G=0	-=0	A=0	C=1	
Position 954:	T=0	G=0	-=0	A=1	C=0	
Position 955:	T=0	G=0	-=0	A=0	C=1	
Position 956:	T=0	G=0	-=0	A=0	C=1	
Position 957:	T=1	G=0	-=0	A=0	C=0	
Position 958:	T=0	G=0	-=0	A=1	C=0	
Position 959:	T=0	G=0	-=0	A=0	C=1	
Position 960:	T=0	G=0	-=0	A=1	C=0	
Position 961:	T=1	G=0	-=0	A=0	C=0	
Position 962:	T=0	G=1	-=0	A=0	C=0	
Position 963:	T=0	G=0	-=0	A=0	C=1	
Position 964:	T=0	G=1	-=0	A=0	C=0	
Position 965:	T=0	G=1	-=0	A=0	C=0	
Position 966:	T=0	G=0	-=0	A=0	C=1	
Position 967:	T=0	G=0	-=0	A=0	C=1	
Position 968:	T=1	G=0	-=0	A=0	C=0	
Position 969:	T=0	G=0	-=0	A=1	C=0	
Position 970:	T=0	G=0	-=0	A=0	C=1	
Position 971:	T=0	G=0	-=0	A=0	C=1	
Position 972:	T=0	G=0	-=0	A=0	C=1	
Position 973:	T=0	G=0	-=0	A=1	C=0	
Position 974:	T=0	G=0	-=0	A=1	C=0	
Position 975:	T=0	G=0	C=0	-=0	A=0	
Position 976:	T=1	G=0	-=0	A=0	C=0	
Position 977:	T=1	G=0	-=0	A=0	C=0	
Position 978:	T=0	G=0	-=0	A=1	C=0	
Position 979:	T=1	G=0	-=0	A=0	C=0	
Position 980:	T=0	G=1	-=0	A=0	C=0	
Position 981:	T=0	G=0	-=0	A=1	C=0	
Position 982:	T=1	G=0	-=0	A=0	C=0	
Position 983:	T=1	G=0	-=0	A=0	C=0	
Position 984:	T=1	G=0	-=0	A=0	C=0	
Position 985:	T=0	G=1	-=0	A=0	C=0	
Position 986:	T=0	G=1	-=0	A=0	C=0	
Position 987:	T=0	G=1	-=0	A=0	C=0	
Position 988:	T=0	G=0	-=0	A=1	C=0	
Position 989:	T=0	G=1	-=0	A=0	C=0	
Position 990:	T=0	G=1	-=0	A=0	C=0	
Position 991:	T=0	G=0	-=0	A=1	C=0	
Position 992:	T=0	G=0	-=0	A=0	C=1	
Position 993:	T=1	G=0	-=0	A=0	C=0	
Position 994:	T=0	G=0	-=0	A=1	C=0	
Position 995:	T=0	G=0	-=0	A=0	C=1	
Position 996:	T=0	G=1	-=0	A=0	C=0	
Position 997:	T=0	G=0	-=0	A=0	C=1	
Position 998:	T=0	G=0	-=0	A=1	C=0	
Position 999:	T=1	G=0	-=0	A=0	C=0	
Position 1000:	T=0	G=0	-=0	A=1	C=0	
Position 1001:	T=0	G=0	-=0	A=0	C=1	
Position 1002:	T=0	G=0	-=0	A=1	C=0	
Position 1003:	T=0	G=0	C=0	-=0	A=0	
Position 1004:	T=0	G=0	-=0	A=0	C=1	
Position 1005:	T=0	G=0	-=0	A=0	C=1	
Position 1006:	T=0	G=1	-=0	A=0	C=0	
Position 1007:	T=0	G=1	-=0	A=0	C=0	
Position 1008:	T=0	G=0	-=0	A=1	C=0	
Position 1009:	T=0	G=0	-=0	A=0	C=1	
Position 1010:	T=1	G=0	-=0	A=0	C=0	
Position 1011:	T=1	G=0	-=0	A=0	C=0	
Position 1012:	T=0	G=1	-=0	A=0	C=0	
Position 1013:	T=0	G=0	-=0	A=0	C=1	
Position 1014:	T=0	G=0	-=0	A=0	C=1	
Position 1015:	T=0	G=0	-=0	A=1	C=0	
Position 1016:	T=0	G=0	-=0	A=0	C=1	
Position 1017:	T=1	G=0	-=0	A=0	C=0	
Position 1018:	T=1	G=0	-=0	A=0	C=0	
Position 1019:	T=0	G=0	-=0	A=0	C=1	
Position 1020:	T=1	G=0	-=0	A=0	C=0	
Position 1021:	T=0	G=0	-=0	A=1	C=0	
Position 1022:	T=0	G=0	-=0	A=0	C=1	
Position 1023:	T=0	G=0	-=0	A=0	C=1	
Position 1024:	T=0	G=0	-=0	A=0	C=1	
Position 1025:	T=0	G=0	-=0	A=0	C=1	
Position 1026:	T=0	G=0	-=0	A=0	C=1	
Position 1027:	T=1	G=0	-=0	A=0	C=0	
Position 1028:	T=0	G=0	-=0	A=1	C=0	
Position 1029:	T=0	G=0	-=0	A=0	C=1	
Position 1030:	T=0	G=0	-=0	A=1	C=0	
Position 1031:	T=0	G=1	-=0	A=0	C=0	
Position 1032:	T=0	G=0	-=0	A=1	C=0	
Position 1033:	T=0	G=0	-=0	A=0	C=1	
Position 1034:	T=0	G=0	-=0	A=0	C=1	
Position 1035:	T=0	G=0	-=0	A=0	C=1	
Position 1036:	T=0	G=1	-=0	A=0	C=0	
Position 1037:	T=1	G=0	-=0	A=0	C=0	
Position 1038:	T=1	G=0	-=0	A=0	C=0	
Position 1039:	T=1	G=0	-=0	A=0	C=0	
Position 1040:	T=0	G=1	-=0	A=0	C=0	
Position 1041:	T=0	G=0	-=0	A=1	C=0	
Position 1042:	T=0	G=0	-=0	A=1	C=0	
Position 1043:	T=1	G=0	-=0	A=0	C=0	
Position 1044:	T=0	G=0	-=0	A=0	C=1	
Position 1045:	T=0	G=0	-=0	A=0	C=1	
Position 1046:	T=0	G=1	-=0	A=0	C=0	
Position 1047:	T=0	G=1	-=0	A=0	C=0	
Position 1048:	T=0	G=0	-=0	A=1	C=0	
Position 1049:	T=0	G=1	-=0	A=0	C=0	
Position 1050:	T=1	G=0	-=0	A=0	C=0	
Position 1051:	T=0	G=1	-=0	A=0	C=0	
Position 1052:	T=0	G=0	-=0	A=1	C=0	
Position 1053:	T=0	G=0	-=0	A=0	C=1	
Position 1054:	T=0	G=0	-=0	A=0	C=1	
Position 1055:	T=0	G=0	-=0	A=1	C=0	
Position 1056:	T=1	G=0	-=0	A=0	C=0	
Position 1057:	T=1	G=0	-=0	A=0	C=0	
Position 1058:	T=0	G=0	-=0	A=1	C=0	
Position 1059:	T=0	G=0	-=0	A=0	C=1	
Position 1060:	T=0	G=0	-=0	A=0	C=1	
Position 1061:	T=1	G=0	-=0	A=0	C=0	
Position 1062:	T=0	G=1	-=0	A=0	C=0	
Position 1063:	T=0	G=0	-=0	A=2	C=0	
Position 1064:	T=2	G=0	-=0	A=0	C=0	
Position 1065:	T=0	G=0	-=0	A=0	C=2	
Position 1066:	T=2	G=0	-=0	A=0	C=0	
Position 1067:	T=0	G=2	-=0	A=0	C=0	
Position 1068:	T=0	G=0	-=0	A=2	C=0	
Position 1069:	T=0	G=2	-=0	A=0	C=0	
Position 1070:	T=0	G=0	-=0	A=0	C=2	
Position 1071:	T=0	G=0	-=0	A=2	C=0	
Position 1072:	T=0	G=0	-=0	A=2	C=0	
Position 1073:	T=0	G=0	-=0	A=2	C=0	
Position 1074:	T=0	G=2	-=0	A=0	C=0	
Position 1075:	T=0	G=0	-=0	A=2	C=0	
Position 1076:	T=2	G=0	-=0	A=0	C=0	
Position 1077:	T=2	G=0	-=0	A=0	C=0	
Position 1078:	T=0	G=0	-=0	A=0	C=2	
Position 1079:	T=0	G=2	-=0	A=0	C=0	
Position 1080:	T=0	G=0	-=0	A=0	C=2	
Position 1081:	T=0	G=0	-=0	A=2	C=0	
Position 1082:	T=0	G=0	-=0	A=0	C=2	
Position 1083:	T=2	G=0	-=0	A=0	C=0	
Position 1084:	T=0	G=2	-=0	A=0	C=0	
Position 1085:	T=2	G=0	-=0	A=0	C=0	
Position 1086:	T=0	G=2	-=0	A=0	C=0	
Position 1087:	T=0	G=0	-=0	A=2	C=0	
Position 1088:	T=0	G=0	-=0	A=0	C=1	
Position 1089:	T=0	G=0	C=0	-=0	A=0	
Position 1090:	T=1	G=0	-=0	A=0	C=0	
Position 1091:	T=0	G=1	-=0	A=0	C=0	
Position 1092:	T=1	G=0	-=0	A=0	C=0	
Position 1093:	T=0	G=0	-=0	A=1	C=0	
Position 1094:	T=1	G=0	-=0	A=0	C=0	
Position 1095:	T=0	G=0	-=0	A=0	C=1	
Position 1096:	T=0	G=1	-=0	A=0	C=0	
Position 1097:	T=0	G=0	-=0	A=0	C=1	
Position 1098:	T=1	G=0	-=0	A=0	C=0	
Position 1099:	T=0	G=1	-=0	A=0	C=0	
Position 1100:	T=0	G=1	-=0	A=0	C=0	
Position 1101:	T=1	G=0	-=0	A=0	C=0	
Position 1102:	T=1	G=0	-=0	A=0	C=0	
Position 1103:	T=0	G=0	-=0	A=0	C=1	
Position 1104:	T=0	G=0	-=0	A=0	C=1	
Position 1105:	T=1	G=0	-=0	A=0	C=0	
Position 1106:	T=1	G=0	-=0	A=0	C=0	
Position 1107:	T=0	G=1	-=0	A=0	C=0	
Position 1108:	T=1	G=0	-=0	A=0	C=0	
Position 1109:	T=1	G=0	-=0	A=0	C=0	
Position 1110:	T=1	G=0	-=0	A=0	C=0	
Position 1111:	T=0	G=0	-=0	A=1	C=0	
Position 1112:	T=0	G=0	-=0	A=1	C=0	
Position 1113:	T=0	G=1	-=0	A=0	C=0	
Position 1114:	T=0	G=0	-=0	A=0	C=1	
Position 1115:	T=1	G=0	-=0	A=0	C=1	
Position 1116:	T=0	G=2	-=0	A=0	C=0	
Position 1117:	T=0	G=2	-=0	A=0	C=0	
Position 1118:	T=0	G=0	-=0	A=2	C=0	
Position 1119:	T=0	G=0	-=0	A=2	C=0	
Position 1120:	T=2	G=0	-=0	A=0	C=0	
Position 1121:	T=0	G=2	-=0	A=0	C=0	
Position 1122:	T=0	G=2	-=0	A=0	C=0	
Position 1123:	T=0	G=2	-=0	A=0	C=0	
Position 1124:	T=0	G=2	-=0	A=0	C=0	
Position 1125:	T=0	G=2	-=0	A=0	C=0	
Position 1126:	T=2	G=0	-=0	A=0	C=0	
Position 1127:	T=2	G=0	-=0	A=0	C=0	
Position 1128:	T=0	G=0	-=0	A=2	C=0	
Position 1129:	T=0	G=2	-=0	A=0	C=0	
Position 1130:	T=0	G=2	-=0	A=0	C=0	
Position 1131:	T=0	G=2	-=0	A=0	C=0	
Position 1132:	T=0	G=0	-=0	A=2	C=0	
Position 1133:	T=0	G=0	-=0	A=2	C=0	
Position 1134:	T=2	G=0	-=0	A=0	C=0	
Position 1135:	T=2	G=0	-=0	A=0	C=0	
Position 1136:	T=0	G=2	-=0	A=0	C=0	
Position 1137:	T=2	G=0	-=0	A=0	C=0	
Position 1138:	T=0	G=0	-=0	A=0	C=2	
Position 1139:	T=0	G=0	-=0	A=2	C=0	
Position 1140:	T=2	G=0	-=0	A=0	C=0	
Position 1141:	T=2	G=0	-=0	A=0	C=0	
Position 1142:	T=2	G=0	-=0	A=0	C=0	
Position 1143:	T=0	G=0	-=0	A=0	C=2	
Position 1144:	T=0	G=0	-=0	A=2	C=0	
Position 1145:	T=0	G=0	-=0	A=2	C=0	
Position 1146:	T=2	G=0	-=0	A=0	C=0	
Position 1147:	T=0	G=0	-=0	A=2	C=0	
Position 1148:	T=0	G=2	-=0	A=0	C=0	
Position 1149:	T=0	G=2	-=0	A=0	C=0	
Position 1150:	T=2	G=0	-=0	A=0	C=0	
Position 1151:	T=2	G=0	-=0	A=0	C=0	
Position 1152:	T=0	G=2	-=0	A=0	C=0	
Position 1153:	T=0	G=0	-=0	A=0	C=2	
Position 1154:	T=0	G=0	-=0	A=2	C=0	
Position 1155:	T=0	G=0	-=0	A=0	C=2	
Position 1156:	T=0	G=0	-=0	A=2	C=0	
Position 1157:	T=0	G=0	-=0	A=0	C=2	
Position 1158:	T=0	G=0	-=0	A=0	C=2	
Position 1159:	T=0	G=0	-=0	A=2	C=0	
Position 1160:	T=0	G=2	-=0	A=0	C=0	
Position 1161:	T=0	G=0	-=0	A=0	C=2	
Position 1162:	T=2	G=0	-=0	A=0	C=0	
Position 1163:	T=0	G=0	-=0	A=0	C=2	
Position 1164:	T=0	G=0	-=0	A=2	C=0	
Position 1165:	T=0	G=2	-=0	A=0	C=0	
Position 1166:	T=2	G=0	-=0	A=0	C=0	
Position 1167:	T=0	G=2	-=0	A=0	C=0	
Position 1168:	T=0	G=0	-=0	A=2	C=0	
Position 1169:	T=2	G=0	-=0	A=0	C=0	
Position 1170:	T=0	G=0	-=0	A=2	C=0	
Position 1171:	T=0	G=0	C=0	-=0	A=0	
Position 1172:	T=1	G=0	-=0	A=0	C=0	
Position 1173:	T=0	G=0	-=0	A=0	C=1	
Position 1174:	T=1	G=0	-=0	A=0	C=0	
Position 1175:	T=1	G=0	-=0	A=0	C=0	
Position 1176:	T=0	G=0	-=0	A=1	C=0	
Position 1177:	T=0	G=0	-=0	A=0	C=1	
Position 1178:	T=1	G=0	-=0	A=0	C=0	
Position 1179:	T=0	G=0	-=0	A=1	C=0	
Position 1180:	T=0	G=0	-=0	A=1	C=0	
Position 1181:	T=1	G=0	-=0	A=0	C=0	
Position 1182:	T=0	G=0	-=0	A=0	C=1	
Position 1183:	T=1	G=0	-=0	A=0	C=0	
Position 1184:	T=0	G=0	-=0	A=1	C=0	
Position 1185:	T=0	G=1	-=0	A=0	C=0	
Position 1186:	T=0	G=0	-=0	A=0	C=1	
Position 1187:	T=0	G=1	-=0	A=0	C=0	
Position 1188:	T=0	G=0	-=0	A=1	C=0	
Position 1189:	T=0	G=1	-=0	A=0	C=0	
Position 1190:	T=1	G=0	-=0	A=0	C=0	
Position 1191:	T=1	G=0	-=0	A=0	C=0	
Position 1192:	T=0	G=0	-=0	A=0	C=1	
Position 1193:	T=1	G=0	-=0	A=0	C=0	
Position 1194:	T=0	G=0	-=0	A=0	C=1	
Position 1195:	T=1	G=0	-=0	A=0	C=0	
Position 1196:	T=0	G=0	-=0	A=1	C=0	
Position 1197:	T=0	G=0	-=0	A=1	C=0	
Position 1198:	T=0	G=0	-=0	A=0	C=1	
Position 1199:	T=0	G=0	-=0	A=1	C=0	
Position 1200:	T=1	G=0	-=0	A=0	C=0	
Position 1201:	T=1	G=0	-=0	A=0	C=0	
Position 1202:	T=0	G=1	-=0	A=0	C=0	
Position 1203:	T=0	G=1	-=0	A=0	C=0	
Position 1204:	T=0	G=1	-=0	A=0	C=0	
Position 1205:	T=0	G=0	-=0	A=0	C=1	
Position 1206:	T=0	G=0	-=0	A=0	C=1	
Position 1207:	T=0	G=0	C=0	-=0	A=0	
